vehicle_id,feed_id,last_reported,geometry
DOD:Vehicle:f3de4206-1325-4e8d-a9a8-10da30abc9fc,dott_karlsruhe,2026-05-21 15:17:05+02,POINT (8.383701 49.038013)
DOD:Vehicle:f45881dd-7bde-4624-a60b-c3c57f8899bc,dott_karlsruhe,2026-05-21 15:17:09+02,POINT (8.390977 49.000875)
DOD:Vehicle:b096ecb1-205c-4fef-bc0a-7098236655cc,dott_karlsruhe,2026-05-21 15:17:22+02,POINT (8.398221 48.994257)
DOD:Vehicle:29902f17-5c3f-4e97-8319-6e18acbce738,dott_karlsruhe,2026-05-21 15:18:49+02,POINT (8.390582 49.016452)
DOD:Vehicle:27d7878b-7591-4474-85a2-5365c08040e1,dott_karlsruhe,2026-05-21 15:19:24+02,POINT (8.357571 49.029641)
DOD:Vehicle:3f8e8ae6-ce2f-491d-aa8d-736bb894f059,dott_karlsruhe,2026-05-21 15:19:35+02,POINT (8.356149 49.029292)
DOD:Vehicle:ff38b03c-aa5d-4718-ae32-41626ebd8ccd,dott_karlsruhe,2026-05-21 15:20:05+02,POINT (8.356191 49.029308)
DOD:Vehicle:8b15c31d-92b0-4210-bb97-d45980e530c0,dott_karlsruhe,2026-05-21 15:21:22+02,POINT (8.356239 49.029323)
DOD:Vehicle:1a22513c-2e0f-4f27-bd7f-19624a49b6c3,dott_karlsruhe,2026-05-21 15:21:40+02,POINT (8.365933 49.018831)
DOD:Vehicle:830ae507-ef27-4695-9e76-b47347454444,dott_karlsruhe,2026-05-21 15:21:58+02,POINT (8.369011 49.016843)
DOD:Vehicle:168aa70c-536e-4681-966a-8eaf31cfbe45,dott_karlsruhe,2026-05-21 15:22:24+02,POINT (8.356223 49.029292)
DOD:Vehicle:97ea3c95-7b13-4631-89d2-3c139cab8597,dott_karlsruhe,2026-05-21 15:23:02+02,POINT (8.35621 49.029326)
DOD:Vehicle:a1e81490-14e0-40ed-8d29-8f4e5554ac53,dott_karlsruhe,2026-05-21 15:23:36+02,POINT (8.412227 49.018409)
DOD:Vehicle:766bda3c-8dfb-4304-881c-4e8bbe730cbc,dott_karlsruhe,2026-05-21 15:24:13+02,POINT (8.447063 48.986195)
DOD:Vehicle:538377b1-a4fb-4e51-82d8-0785dfc71278,dott_karlsruhe,2026-05-21 15:24:40+02,POINT (8.438065 49.020765)
DOD:Vehicle:b087c5a8-552b-4edf-a680-e6fc51502f59,dott_karlsruhe,2026-05-21 15:24:41+02,POINT (8.356231 49.029283)
DOD:Vehicle:a40eb15c-29ba-4321-9d58-a1590a0270a0,dott_karlsruhe,2026-05-21 15:25:08+02,POINT (8.387737 49.018431)
DOD:Vehicle:8a1ac05e-fae5-4976-a6f4-a94cdfb90d26,dott_karlsruhe,2026-05-21 15:25:37+02,POINT (8.413091 49.00942)
DOD:Vehicle:f52ab6b8-baeb-4c17-a031-ea7895b85d38,dott_karlsruhe,2026-05-21 15:26:05+02,POINT (8.419251 49.00009)
DOD:Vehicle:73545c77-fcf2-4d3c-b2f8-665f3efa5573,dott_karlsruhe,2026-05-21 15:26:25+02,POINT (8.398288 49.010634)
DOD:Vehicle:533ee62a-d10c-40bf-b0b6-5bd889a53b1e,dott_karlsruhe,2026-05-21 15:26:29+02,POINT (8.356209 49.029297)
DOD:Vehicle:9697256b-94a8-4f32-a08b-ed95fffe44e7,dott_karlsruhe,2026-05-21 15:26:38+02,POINT (8.440762 49.007989)
DOD:Vehicle:cf13967d-9afe-42b1-8047-f8bb631576ce,dott_karlsruhe,2026-05-21 15:26:50+02,POINT (8.353293 49.032017)
DOD:Vehicle:4312a547-2adc-49cb-9b4f-8f1352a9591d,dott_karlsruhe,2026-05-21 15:27:14+02,POINT (8.356253 49.029295)
DOD:Vehicle:4bb4f687-ab41-452e-af60-034bdc1ac451,dott_karlsruhe,2026-05-21 15:27:16+02,POINT (8.356256 49.029294)
DOD:Vehicle:dad9a500-e383-473e-8442-2065c4eb541f,dott_karlsruhe,2026-05-21 15:27:18+02,POINT (8.356278 49.029296)
DOD:Vehicle:bb3118ea-b7f4-419e-b200-3dbb51a1dcee,dott_karlsruhe,2026-05-21 15:27:20+02,POINT (8.356305 49.029292)
DOD:Vehicle:d3d6d368-c27f-472f-9404-41d98da47b06,dott_karlsruhe,2026-05-21 15:27:25+02,POINT (8.426975 49.005255)
DOD:Vehicle:72dbdc40-d0d0-47ed-9537-165ff1292f2d,dott_karlsruhe,2026-05-21 15:27:26+02,POINT (8.356223 49.029307)
DOD:Vehicle:8063935d-22b8-4efb-a4c4-8c753d3fddee,dott_karlsruhe,2026-05-21 15:27:30+02,POINT (8.356248 49.029327)
DOD:Vehicle:6c514805-9d30-4de5-b883-2eef0cfe9b82,dott_karlsruhe,2026-05-21 15:27:37+02,POINT (8.403824 49.010096)
DOD:Vehicle:32575a4e-22dc-4db8-a769-72b24549a587,dott_karlsruhe,2026-05-21 15:28:40+02,POINT (8.356217 49.029281)
DOD:Vehicle:d6445d30-b8f0-4796-aae2-c7be59797afb,dott_karlsruhe,2026-05-21 15:29:20+02,POINT (8.367911 49.036466)
DOD:Vehicle:413f252f-318d-4a7a-b3bd-142cef711547,dott_karlsruhe,2026-05-21 15:29:27+02,POINT (8.375351 49.030222)
DOD:Vehicle:1a736d66-1afb-4cf4-ad36-473356f63979,dott_karlsruhe,2026-05-21 15:29:29+02,POINT (8.356121 49.029313)
DOD:Vehicle:338c65bf-6c69-4a8a-867c-ca16b775815d,dott_karlsruhe,2026-05-21 15:29:37+02,POINT (8.401774 48.995061)
DOD:Vehicle:0f820978-9ffe-46a0-bfa9-48da2f99b139,dott_karlsruhe,2026-05-21 15:29:56+02,POINT (8.389494 48.985041)
DOD:Vehicle:6a5713c2-4aef-458d-aea8-daa97ce9aab1,dott_karlsruhe,2026-05-21 15:29:57+02,POINT (8.392574 49.010034)
DOD:Vehicle:9d5f2c68-c5da-4a68-a637-081637fb69d7,dott_karlsruhe,2026-05-21 15:30:17+02,POINT (8.393961 48.980041)
DOD:Vehicle:8d9dc66a-c693-4e4b-8885-eb1eff8e5b11,dott_karlsruhe,2026-05-21 15:30:21+02,POINT (8.469383 49.003574)
DOD:Vehicle:216c0d1d-347e-4212-81b5-ab0b22af305e,dott_karlsruhe,2026-05-21 15:30:48+02,POINT (8.356201 49.029309)
DOD:Vehicle:772a744e-0a9c-4300-bae1-32634c777a12,dott_karlsruhe,2026-05-21 15:30:53+02,POINT (8.45203 48.995874)
DOD:Vehicle:2ec3cdbb-040d-4006-852c-45a4473fa567,dott_karlsruhe,2026-05-21 15:31:07+02,POINT (8.471642 48.998994)
DOD:Vehicle:371fbecd-189f-49e8-bfc4-88c59aebc786,dott_karlsruhe,2026-05-21 15:31:35+02,POINT (8.392611 49.010015)
DOD:Vehicle:b79b8143-7001-4390-9de9-07223b48d772,dott_karlsruhe,2026-05-21 15:31:49+02,POINT (8.346309 49.032208)
DOD:Vehicle:4f865c66-5b10-4250-8078-fae47c4d44d0,dott_karlsruhe,2026-05-21 15:32:02+02,POINT (8.356203 49.029273)
DOD:Vehicle:1a4202ca-df3a-45d7-a6d2-a5166f142e72,dott_karlsruhe,2026-05-21 15:32:12+02,POINT (8.415658 49.002027)
DOD:Vehicle:11bc5b2c-b64b-4f0b-89f8-6fa1fe9ea857,dott_karlsruhe,2026-05-21 15:32:19+02,POINT (8.356182 49.029275)
DOD:Vehicle:999ac99f-150b-484d-8100-31728e976599,dott_karlsruhe,2026-05-21 15:32:45+02,POINT (8.35609 49.029346)
DOD:Vehicle:ccf8d4d2-af17-498e-bf14-fda39fd9431a,dott_karlsruhe,2026-05-21 15:32:45+02,POINT (8.35628 49.029304)
DOD:Vehicle:01ac21e3-b430-4a5a-a9ab-550569905355,dott_karlsruhe,2026-05-21 15:32:48+02,POINT (8.348055 49.015499)
DOD:Vehicle:08cdc00e-85ed-4746-be77-0d5f74fcee89,dott_karlsruhe,2026-05-21 15:32:51+02,POINT (8.392643 49.010305)
DOD:Vehicle:45c878af-ae4e-4469-9fd5-fe5c2c1e7646,dott_karlsruhe,2026-05-21 15:33:13+02,POINT (8.460753 48.982642)
DOD:Vehicle:412a41a1-604f-4795-a73b-42bada38a319,dott_karlsruhe,2026-05-21 15:33:40+02,POINT (8.356174 49.029314)
DOD:Vehicle:82a53c21-2190-4e52-9a24-1bcc324b50a0,dott_karlsruhe,2026-05-21 15:33:55+02,POINT (8.349423 49.012124)
DOD:Vehicle:264c72c9-4ba1-4a77-8e73-290029e8cdea,dott_karlsruhe,2026-05-21 15:34:13+02,POINT (8.356171 49.029279)
DOD:Vehicle:eef69a55-2d13-41bb-be25-15e3e239aaa7,dott_karlsruhe,2026-05-21 15:18:24+02,POINT (8.398322 48.994315)
DOD:Vehicle:987f10c6-80e1-4938-a39c-79a4b11c6607,dott_karlsruhe,2026-05-21 15:18:25+02,POINT (8.356194 49.029314)
DOD:Vehicle:5e6ac160-90b7-45c3-875f-817be57663f0,dott_karlsruhe,2026-05-21 15:18:32+02,POINT (8.462899 49.001859)
DOD:Vehicle:8fd69816-aa16-42c7-a869-aa8f50dcee99,dott_karlsruhe,2026-05-21 15:19:15+02,POINT (8.400008 48.994751)
DOD:Vehicle:0f207e7f-b27f-4713-8899-97a070fd3bce,dott_karlsruhe,2026-05-21 15:19:33+02,POINT (8.356079 49.02934)
DOD:Vehicle:5b8a5c50-6864-47ac-8eca-8119684fab03,dott_karlsruhe,2026-05-21 15:19:37+02,POINT (8.356108 49.029309)
DOD:Vehicle:38cadeb3-d89c-4717-9683-61deae3ad694,dott_karlsruhe,2026-05-21 15:20:31+02,POINT (8.409791 49.007319)
DOD:Vehicle:b7da3c59-6623-4086-9ff9-3ff0ea752180,dott_karlsruhe,2026-05-21 15:20:33+02,POINT (8.444451 48.993051)
DOD:Vehicle:0967655a-7fa1-4811-8244-99a769d5f514,dott_karlsruhe,2026-05-21 15:21:15+02,POINT (8.43076 48.999369)
DOD:Vehicle:1d099c72-ceba-4f5a-9c11-4fb725e9eb4d,dott_karlsruhe,2026-05-21 15:21:40+02,POINT (8.356208 49.029297)
DOD:Vehicle:c1a3ebdb-8b03-4c83-9d81-e1ba094826af,dott_karlsruhe,2026-05-21 15:21:50+02,POINT (8.356226 49.029283)
DOD:Vehicle:b1cc6d26-137f-490b-b425-c24c1a8dfd25,dott_karlsruhe,2026-05-21 15:22:25+02,POINT (8.423697 49.008632)
DOD:Vehicle:70fcb734-5253-4224-9589-5f40a4d31dad,dott_karlsruhe,2026-05-21 15:22:26+02,POINT (8.356189 49.029286)
DOD:Vehicle:47d55d74-c765-462b-bbac-708c803da1cb,dott_karlsruhe,2026-05-21 15:22:27+02,POINT (8.371719 48.997654)
DOD:Vehicle:af542fef-afa1-4c21-b561-ef1a64413e0e,dott_karlsruhe,2026-05-21 15:22:31+02,POINT (8.447034 48.986237)
DOD:Vehicle:9093cef4-61b8-4afb-995f-f7a978d72e42,dott_karlsruhe,2026-05-21 15:22:32+02,POINT (8.404068 48.995408)
DOD:Vehicle:59d1529e-8035-4e78-924d-1824cb15d241,dott_karlsruhe,2026-05-21 15:22:57+02,POINT (8.398238 48.99418)
DOD:Vehicle:2c48632f-c9f4-4b4a-9728-18b02c91ddec,dott_karlsruhe,2026-05-21 15:23:31+02,POINT (8.35618 49.029263)
DOD:Vehicle:fb0af807-b71c-4b2b-99d6-405633c12389,dott_karlsruhe,2026-05-21 15:23:41+02,POINT (8.38249 49.014801)
DOD:Vehicle:a28a8517-6f9c-4d6b-85b2-ffad473e2793,dott_karlsruhe,2026-05-21 15:23:55+02,POINT (8.395034 49.008723)
DOD:Vehicle:993d173d-9aaf-4235-b12b-cbd1372fa218,dott_karlsruhe,2026-05-21 15:24:42+02,POINT (8.407556 49.004684)
DOD:Vehicle:f1d413dd-f850-46b1-864c-3148183db518,dott_karlsruhe,2026-05-21 15:25:15+02,POINT (8.440138 48.998449)
DOD:Vehicle:d668e8a8-c6fd-4a12-aa23-b22f93f36e24,dott_karlsruhe,2026-05-21 15:25:23+02,POINT (8.39835 48.994179)
DOD:Vehicle:8cb69127-2e27-47e8-9217-a1802955d86c,dott_karlsruhe,2026-05-21 15:25:30+02,POINT (8.34604 49.008185)
DOD:Vehicle:ebfd413a-b086-4d76-8135-7ae72c964796,dott_karlsruhe,2026-05-21 15:25:36+02,POINT (8.389235 49.000995)
DOD:Vehicle:45323d09-688b-4435-800d-1798a9b99086,dott_karlsruhe,2026-05-21 15:26:04+02,POINT (8.431222 49.021048)
DOD:Vehicle:85d565f3-def6-44c3-ade4-145c0de6c820,dott_karlsruhe,2026-05-21 15:26:16+02,POINT (8.356195 49.029299)
DOD:Vehicle:c1bb43d1-6ff8-4fc8-8fc4-b3e8a9d1d7b4,dott_karlsruhe,2026-05-21 15:26:32+02,POINT (8.404183 49.016398)
DOD:Vehicle:93d1ddb5-aa98-46ce-b3ca-8885752cd57a,dott_karlsruhe,2026-05-21 15:26:41+02,POINT (8.419358 49.013659)
DOD:Vehicle:2b5e6247-4951-41fc-9960-4ebbe652f058,dott_karlsruhe,2026-05-21 15:26:58+02,POINT (8.351979 49.014735)
DOD:Vehicle:9dc5bf38-92af-40c6-baf8-4f865fdcf120,dott_karlsruhe,2026-05-21 15:27:05+02,POINT (8.350147 49.027915)
DOD:Vehicle:a9516b76-b3e6-49d2-a61f-9dfab29706b5,dott_karlsruhe,2026-05-21 15:27:12+02,POINT (8.356247 49.029303)
DOD:Vehicle:6171bab8-3a4b-412c-a24f-7a18a69601b4,dott_karlsruhe,2026-05-21 15:27:15+02,POINT (8.356275 49.029301)
DOD:Vehicle:b2dca653-1df2-4a78-adec-eaf7130631f8,dott_karlsruhe,2026-05-21 15:27:17+02,POINT (8.410021 48.995972)
DOD:Vehicle:99155847-e607-4c1b-9f15-98d0c0fd35b0,dott_karlsruhe,2026-05-21 15:27:22+02,POINT (8.356257 49.029272)
DOD:Vehicle:f3817cdf-71f0-4c98-bfcf-74e515646647,dott_karlsruhe,2026-05-21 15:27:24+02,POINT (8.356274 49.029293)
DOD:Vehicle:2e76d515-22ca-43dc-8c15-43652959f25d,dott_karlsruhe,2026-05-21 15:27:32+02,POINT (8.466919 48.998986)
DOD:Vehicle:4da2ae05-923b-4d60-be5e-5c768775be06,dott_karlsruhe,2026-05-21 15:27:32+02,POINT (8.403557 48.981491)
DOD:Vehicle:a2db4e90-984d-469d-96f2-b254ca9cc908,dott_karlsruhe,2026-05-21 15:27:34+02,POINT (8.399945 48.99488)
DOD:Vehicle:d9f9ec30-2413-4ded-b8d4-75f5255aebc8,dott_karlsruhe,2026-05-21 15:27:41+02,POINT (8.356012 49.029309)
DOD:Vehicle:aec571a7-1def-4fb2-a743-de353472878d,dott_karlsruhe,2026-05-21 15:27:50+02,POINT (8.356199 49.029304)
DOD:Vehicle:5f348dcc-6694-4618-9d6e-51bed1c2db18,dott_karlsruhe,2026-05-21 15:27:58+02,POINT (8.386426 49.03092)
DOD:Vehicle:e0a991cf-cb17-4195-a456-1cc563ed7af7,dott_karlsruhe,2026-05-21 15:28:08+02,POINT (8.41551 49.011022)
DOD:Vehicle:ca8e8cfe-df51-44ec-815b-07dced106fd2,dott_karlsruhe,2026-05-21 15:28:09+02,POINT (8.444391 48.993027)
DOD:Vehicle:de8ebbc0-913c-481c-baa3-a14a7233f1c8,dott_karlsruhe,2026-05-21 15:28:17+02,POINT (8.392622 49.010136)
DOD:Vehicle:e673b7e1-7fb2-463d-9e53-9d73696ca9b0,dott_karlsruhe,2026-05-21 15:28:36+02,POINT (8.466657 49.002065)
DOD:Vehicle:93809ad8-7b78-4af8-a179-bac430273e30,dott_karlsruhe,2026-05-21 15:29:05+02,POINT (8.460413 48.983077)
DOD:Vehicle:d8fa0ace-3eb4-4bbd-b855-ffaaa98b69db,dott_karlsruhe,2026-05-21 15:29:14+02,POINT (8.392584 49.009971)
DOD:Vehicle:a35960b8-7091-48e1-9b0e-3535327192bb,dott_karlsruhe,2026-05-21 15:29:18+02,POINT (8.356155 49.029304)
DOD:Vehicle:efbee8f0-ee07-4b2a-ab72-398655867dee,dott_karlsruhe,2026-05-21 15:29:24+02,POINT (8.385716 48.992592)
DOD:Vehicle:2866ed27-ca5e-4b5f-a9e4-434f5e144674,dott_karlsruhe,2026-05-21 15:30:09+02,POINT (8.405137 49.010321)
DOD:Vehicle:69f37adf-2215-4f38-bc7f-a94bb98f56f1,dott_karlsruhe,2026-05-21 15:30:45+02,POINT (8.34029 49.030254)
DOD:Vehicle:37f7ecba-b11c-4797-873b-ef582c24f5d4,dott_karlsruhe,2026-05-21 15:30:49+02,POINT (8.414396 49.008164)
DOD:Vehicle:f20b6248-9847-4b80-a476-424533d8938d,dott_karlsruhe,2026-05-21 15:30:55+02,POINT (8.390657 49.014575)
DOD:Vehicle:6c5471f2-caed-45e1-ab20-bac82946c7fd,dott_karlsruhe,2026-05-21 15:30:57+02,POINT (8.407863 49.003502)
DOD:Vehicle:e1eb4b54-e1f3-4b2c-a1ad-3d8cd308a903,dott_karlsruhe,2026-05-21 15:30:58+02,POINT (8.392639 49.010013)
DOD:Vehicle:17fb771d-6242-4c09-b716-655c1bfeee23,dott_karlsruhe,2026-05-21 15:31:03+02,POINT (8.451794 49.001359)
DOD:Vehicle:b38713c8-33d9-449e-813b-a4567b632b60,dott_karlsruhe,2026-05-21 15:31:26+02,POINT (8.431556 48.996797)
DOD:Vehicle:71aeb0a5-b65a-414b-888a-1d934115f954,dott_karlsruhe,2026-05-21 15:31:47+02,POINT (8.383976 49.036801)
DOD:Vehicle:968158f3-8ff6-4abb-b7d9-b04695d5513c,dott_karlsruhe,2026-05-21 15:32:27+02,POINT (8.419995 49.000381)
DOD:Vehicle:53261edc-ef6c-4476-9d31-17f3fada587b,dott_karlsruhe,2026-05-21 15:32:48+02,POINT (8.392646 49.010075)
DOD:Vehicle:806637ad-666d-42d0-b623-b6d75a1a31da,dott_karlsruhe,2026-05-21 15:32:48+02,POINT (8.392595 49.010039)
DOD:Vehicle:c6f05c53-bcec-4648-80a8-db243e2cabf5,dott_karlsruhe,2026-05-21 15:32:54+02,POINT (8.356253 49.029271)
DOD:Vehicle:a606e802-1ee0-4143-a93c-59b88b9b1de7,dott_karlsruhe,2026-05-21 15:33:22+02,POINT (8.394323 49.033955)
DOD:Vehicle:eef1069d-e7af-40f3-aa57-49b201724818,dott_karlsruhe,2026-05-21 15:33:28+02,POINT (8.457615 48.999439)
DOD:Vehicle:c74451e4-bdb4-4451-94d7-ee94d248c228,dott_karlsruhe,2026-05-21 15:33:43+02,POINT (8.356211 49.029282)
VOJ:Vehicle:dab02dd2-c6e7-41fb-838d-37a47c867307,voi_de,2026-05-21 15:38:27+02,POINT (8.394065 48.998424)
VOJ:Vehicle:edb81afc-56fa-4c96-b1dd-df028855b8cc,voi_de,2026-05-21 15:38:27+02,POINT (8.415808 49.015307)
VOJ:Vehicle:bbc71da8-3084-48f2-a9db-12abd4e360a0,voi_de,2026-05-21 15:38:27+02,POINT (8.477344 48.997745)
VOJ:Vehicle:ca861c55-6c82-46bb-9ca9-4163be44bb59,voi_de,2026-05-21 15:38:27+02,POINT (8.464923 48.999837)
VOJ:Vehicle:7d5d396b-d514-4e91-8398-b3f9c71f26e4,voi_de,2026-05-21 15:38:27+02,POINT (8.398193 48.998072)
VOJ:Vehicle:d795dff0-9429-4c65-a31e-9785c8b7ffb7,voi_de,2026-05-21 15:38:27+02,POINT (8.472877 48.995482)
VOJ:Vehicle:3e858cb6-6bcc-4634-a31e-1ff6c7f3849f,voi_de,2026-05-21 15:38:27+02,POINT (8.344356 49.026436)
VOJ:Vehicle:fbd3278f-2d10-46f4-a360-4ab40c5010df,voi_de,2026-05-21 15:38:27+02,POINT (8.414765 49.004018)
VOJ:Vehicle:941ad970-194b-40b5-9421-bd67da493eb3,voi_de,2026-05-21 15:38:27+02,POINT (8.441802 49.016324)
VOJ:Vehicle:6eeb06bf-c9bb-4fb4-b536-97e3547e2d07,voi_de,2026-05-21 15:38:27+02,POINT (8.393746 49.001789)
VOJ:Vehicle:71bc291f-c61b-47b5-aec3-2ad8c0c23e53,voi_de,2026-05-21 15:38:27+02,POINT (8.413001 49.009585)
VOJ:Vehicle:bdc25f18-22aa-4a63-89d4-d361c50e9cb4,voi_de,2026-05-21 15:38:27+02,POINT (8.417137 49.009326)
VOJ:Vehicle:fd54fe58-0fd7-4db2-ab01-83e4ee3f8c12,voi_de,2026-05-21 15:38:27+02,POINT (8.362512 48.996753)
VOJ:Vehicle:98b77573-975a-4f23-be4a-12e8689f3b60,voi_de,2026-05-21 15:38:27+02,POINT (8.409824 49.009394)
VOJ:Vehicle:ef9cfbf5-a37f-4b57-8129-aa77a0aa54a0,voi_de,2026-05-21 15:38:27+02,POINT (8.445026 48.993134)
VOJ:Vehicle:c1fb6e78-f8df-4ad1-b717-d557301c507b,voi_de,2026-05-21 15:38:27+02,POINT (8.387113 49.007309)
VOJ:Vehicle:5017d238-12a9-45a3-8355-a5a1b64a17c8,voi_de,2026-05-21 15:38:27+02,POINT (8.395018 49.004994)
VOJ:Vehicle:93890866-3b68-400a-bb6d-8b11c164b66a,voi_de,2026-05-21 15:38:27+02,POINT (8.440544 49.016716)
VOJ:Vehicle:7adac82b-be89-4d34-81ad-4d735ab6bf9a,voi_de,2026-05-21 15:38:27+02,POINT (8.470397 49.000013)
VOJ:Vehicle:a9bde2fe-b346-479d-9070-7569bfc30b1a,voi_de,2026-05-21 15:38:27+02,POINT (8.360464 49.010637)
VOJ:Vehicle:e166703e-9e63-47d6-90aa-4e973e8d7a25,voi_de,2026-05-21 15:38:27+02,POINT (8.471862 48.992704)
VOJ:Vehicle:2929a34f-e057-45df-bff5-110a087d182d,voi_de,2026-05-21 15:38:27+02,POINT (8.347217 48.997464)
VOJ:Vehicle:a8d250fa-f8c0-48b3-867f-808a4e49bbd2,voi_de,2026-05-21 15:38:27+02,POINT (8.400019 48.994773)
VOJ:Vehicle:a314f234-bdad-4611-8d80-11af1fcec4a9,voi_de,2026-05-21 15:38:27+02,POINT (8.418145 49.01424)
VOJ:Vehicle:77ccee54-0683-4d8a-a8a4-cb586f374b9d,voi_de,2026-05-21 15:38:27+02,POINT (8.403129 49.01216)
VOJ:Vehicle:2f81ddd1-d8f6-4cdb-9967-159308eac87e,voi_de,2026-05-21 15:38:27+02,POINT (8.445106 49.017603)
VOJ:Vehicle:3e0dffc5-4ecc-4290-ab6a-d82b54c03d74,voi_de,2026-05-21 15:38:27+02,POINT (8.476348 48.996931)
VOJ:Vehicle:4a791d36-1079-4ad5-af5d-633176d13bda,voi_de,2026-05-21 15:38:27+02,POINT (8.356634 49.01878)
VOJ:Vehicle:06beb445-11c2-4c87-8001-92cded775696,voi_de,2026-05-21 15:38:27+02,POINT (8.388955 49.01974)
VOJ:Vehicle:cb408600-d4f0-449e-a3c6-e644c399810d,voi_de,2026-05-21 15:38:27+02,POINT (8.369472 49.009418)
VOJ:Vehicle:51c25ffe-c413-437f-bc42-54b45069f4cd,voi_de,2026-05-21 15:38:27+02,POINT (8.394309 49.013125)
VOJ:Vehicle:a38b89cb-d93a-4170-9693-e685b3a5d9ef,voi_de,2026-05-21 15:38:27+02,POINT (8.404228 48.992067)
VOJ:Vehicle:6049ecb0-9f0c-41a6-84da-60ddb3b80029,voi_de,2026-05-21 15:38:27+02,POINT (8.365315 49.001013)
VOJ:Vehicle:b748d068-738e-4278-974a-ee27a996adb8,voi_de,2026-05-21 15:38:27+02,POINT (8.389465 49.001027)
VOJ:Vehicle:384580e0-ebb6-4a89-a4ef-9e2ef2072d08,voi_de,2026-05-21 15:38:27+02,POINT (8.43416 49.006531)
VOJ:Vehicle:adde58e8-6ea1-4658-95ba-4c3c1cd6ca82,voi_de,2026-05-21 15:38:27+02,POINT (8.421704 49.012797)
VOJ:Vehicle:132231bf-2cb4-4d28-9d0d-8dda8a4c827e,voi_de,2026-05-21 15:38:27+02,POINT (8.394365 49.001711)
VOJ:Vehicle:51a84a38-d8a4-458e-ab05-2bfb2dbea24e,voi_de,2026-05-21 15:38:27+02,POINT (8.395896 49.007539)
VOJ:Vehicle:c3871a8d-c7fb-4714-9a83-472935393b6d,voi_de,2026-05-21 15:38:27+02,POINT (8.402107 48.994552)
VOJ:Vehicle:221672d8-b927-4934-b10e-254c7aea680d,voi_de,2026-05-21 15:38:27+02,POINT (8.380528 49.036121)
VOJ:Vehicle:eb6698a2-78da-43ca-9311-d7c934ee2096,voi_de,2026-05-21 15:38:27+02,POINT (8.412925 49.009605)
VOJ:Vehicle:a32f0ecd-9f43-40f3-bd98-396e8034c776,voi_de,2026-05-21 15:38:27+02,POINT (8.421089 49.000808)
VOJ:Vehicle:4b9feee0-7d7d-48a2-a4b6-e66db17a09fc,voi_de,2026-05-21 15:38:27+02,POINT (8.388913 49.008733)
VOJ:Vehicle:564753a4-99c9-4a73-a5c2-bef90dc208bf,voi_de,2026-05-21 15:38:27+02,POINT (8.381983 49.018014)
VOJ:Vehicle:c71a00ee-d621-4ebe-9ec9-9b1049636be2,voi_de,2026-05-21 15:38:27+02,POINT (8.355045 49.020606)
VOJ:Vehicle:ec390fa3-50ce-4160-b6ef-ce1fd7c333ee,voi_de,2026-05-21 15:38:27+02,POINT (8.412578 49.009957)
VOJ:Vehicle:64d883c4-2f38-4332-a895-31ef9c460857,voi_de,2026-05-21 15:38:27+02,POINT (8.415289 49.020079)
VOJ:Vehicle:f1af82b2-bb3d-46bd-b483-5492eeca1321,voi_de,2026-05-21 15:38:27+02,POINT (8.458321 49.00469)
VOJ:Vehicle:66ef4515-bc33-491b-87a5-141f590c99d3,voi_de,2026-05-21 15:38:27+02,POINT (8.427022 49.01293)
VOJ:Vehicle:4aa7c1ce-4496-4424-ae4c-285adda5cbc3,voi_de,2026-05-21 15:38:27+02,POINT (8.421858 49.01282)
VOJ:Vehicle:b73703a3-9066-4567-aab9-7eb6012247d3,voi_de,2026-05-21 15:38:27+02,POINT (8.415331 49.016687)
VOJ:Vehicle:a27565c2-e10e-4f96-87d9-68327a04083b,voi_de,2026-05-21 15:38:27+02,POINT (8.381482 49.014793)
VOJ:Vehicle:012b29c9-863d-4426-a105-4ad2e33c6e71,voi_de,2026-05-21 15:38:27+02,POINT (8.457707 48.997699)
VOJ:Vehicle:020a42ef-824a-4b08-bc28-d2a8e05d2735,voi_de,2026-05-21 15:38:27+02,POINT (8.450046 48.991037)
VOJ:Vehicle:02eee3d4-a205-421d-8df5-1bee46e058e1,voi_de,2026-05-21 15:38:27+02,POINT (8.395262 48.994408)
VOJ:Vehicle:04953b25-8a69-483e-95fb-332d0843d8e2,voi_de,2026-05-21 15:38:27+02,POINT (8.396252 49.00172)
VOJ:Vehicle:0718d63f-7631-412a-9089-d6abd6b1fb27,voi_de,2026-05-21 15:38:27+02,POINT (8.422166 49.003843)
VOJ:Vehicle:0923be49-8400-46b6-935a-925e649db8cd,voi_de,2026-05-21 15:38:27+02,POINT (8.374998 49.010797)
VOJ:Vehicle:09b25a51-29f6-4f85-b255-83c4aba5ea3f,voi_de,2026-05-21 15:38:27+02,POINT (8.439621 49.022577)
VOJ:Vehicle:0a415201-7cfd-4247-b014-83af22e67667,voi_de,2026-05-21 15:38:27+02,POINT (8.356589 49.019156)
VOJ:Vehicle:0b403c80-23ac-40fd-9f9e-6e7bee58be7f,voi_de,2026-05-21 15:38:27+02,POINT (8.413908 49.010366)
VOJ:Vehicle:0b622272-6dc4-41f5-8009-2f10d390aaa5,voi_de,2026-05-21 15:38:27+02,POINT (8.439887 49.017451)
VOJ:Vehicle:0f165b5d-aded-4e4b-acfc-688bc0f971b7,voi_de,2026-05-21 15:38:27+02,POINT (8.43854 49.031404)
VOJ:Vehicle:0fb5d3bc-844f-49b6-b395-b6a693f53361,voi_de,2026-05-21 15:38:27+02,POINT (8.423561 49.001032)
VOJ:Vehicle:105e9745-f8ae-4456-80e2-68c1d76bc61c,voi_de,2026-05-21 15:38:27+02,POINT (8.458923 48.994259)
VOJ:Vehicle:11420a6d-40bc-4c52-b9f2-90817e953c0d,voi_de,2026-05-21 15:38:27+02,POINT (8.463322 49.001151)
VOJ:Vehicle:118adbd5-d94c-4f60-809f-eb58cbc50a3a,voi_de,2026-05-21 15:38:27+02,POINT (8.409054 49.005644)
VOJ:Vehicle:12251e47-8f1c-4635-abb7-bbf27c718f2e,voi_de,2026-05-21 15:38:27+02,POINT (8.37725 49.005861)
VOJ:Vehicle:14f69efb-7aa5-451a-9e0a-1285e8db4212,voi_de,2026-05-21 15:38:27+02,POINT (8.341331 49.031006)
VOJ:Vehicle:151892ec-5660-4941-82a8-8be38414f861,voi_de,2026-05-21 15:38:27+02,POINT (8.46733 49.002255)
VOJ:Vehicle:1541938b-24d8-41eb-9d62-692cd556c815,voi_de,2026-05-21 15:38:27+02,POINT (8.353872 49.020044)
VOJ:Vehicle:15778e8b-a3fc-4662-ad8e-d2204b90ad47,voi_de,2026-05-21 15:38:27+02,POINT (8.409254 49.008078)
VOJ:Vehicle:167c5dc9-79cd-4142-87dc-3c5d356e4837,voi_de,2026-05-21 15:38:27+02,POINT (8.427016 49.023219)
VOJ:Vehicle:16f58443-fb71-4411-a6b1-9b6177d492b7,voi_de,2026-05-21 15:38:27+02,POINT (8.366202 49.016225)
VOJ:Vehicle:1794e91f-ced0-4af2-ba12-c535b6028d64,voi_de,2026-05-21 15:38:27+02,POINT (8.416269 49.011437)
VOJ:Vehicle:1a60dd55-07c6-4f14-8f87-48c0bfcaf4dc,voi_de,2026-05-21 15:38:27+02,POINT (8.343897 48.991884)
VOJ:Vehicle:1afb8130-509d-4342-b768-3305bc67fd20,voi_de,2026-05-21 15:38:27+02,POINT (8.396596 49.003416)
VOJ:Vehicle:1b87de40-52be-4205-9359-05f906b1b0c8,voi_de,2026-05-21 15:38:27+02,POINT (8.459141 49.004693)
VOJ:Vehicle:1c35feab-fd18-428c-b4b8-8130df29355e,voi_de,2026-05-21 15:38:27+02,POINT (8.475877 48.996226)
VOJ:Vehicle:1ceb8710-80b9-4167-9ceb-b8a30fbacfc9,voi_de,2026-05-21 15:38:27+02,POINT (8.415253 49.020025)
VOJ:Vehicle:1d47e973-d9ec-4254-9330-a237f2bd181f,voi_de,2026-05-21 15:38:27+02,POINT (8.388526 49.014758)
VOJ:Vehicle:1eca0dac-6743-489f-bce7-bd7e72911e2d,voi_de,2026-05-21 15:38:27+02,POINT (8.389426 49.016483)
VOJ:Vehicle:1f1c135d-b600-43a6-9165-1b6eeecb527f,voi_de,2026-05-21 15:38:27+02,POINT (8.463708 48.997138)
VOJ:Vehicle:1f69eb53-6106-471f-a797-959371e5b1a9,voi_de,2026-05-21 15:38:27+02,POINT (8.348082 49.033239)
VOJ:Vehicle:211e7a21-081c-460e-877e-70634300628d,voi_de,2026-05-21 15:38:27+02,POINT (8.343761 49.000651)
VOJ:Vehicle:222cd63a-041b-4c4c-ac8a-54eb8236987f,voi_de,2026-05-21 15:38:27+02,POINT (8.412324 49.011618)
VOJ:Vehicle:22841af4-8ccf-4466-8548-d65e3acb0fea,voi_de,2026-05-21 15:38:27+02,POINT (8.444204 48.996678)
VOJ:Vehicle:23bcd31f-c6fd-4b7b-b855-4173492b9264,voi_de,2026-05-21 15:38:27+02,POINT (8.390634 49.014774)
VOJ:Vehicle:24d0db40-20e1-445e-9314-34540bfab3f3,voi_de,2026-05-21 15:38:27+02,POINT (8.467836 48.999309)
VOJ:Vehicle:264405dd-49d9-44ec-be79-046ed96f61ba,voi_de,2026-05-21 15:38:27+02,POINT (8.451177 49.000194)
VOJ:Vehicle:265eaef5-ad44-4c8d-bdef-0b1c3e7c4492,voi_de,2026-05-21 15:38:27+02,POINT (8.417846 49.004196)
VOJ:Vehicle:26876a84-19cd-4823-978f-a7cb2652d1f0,voi_de,2026-05-21 15:38:27+02,POINT (8.4092 49.010689)
VOJ:Vehicle:26b37e0b-c18b-4d9e-baa8-e54b39f87315,voi_de,2026-05-21 15:38:27+02,POINT (8.392419 49.017732)
VOJ:Vehicle:27eefdf7-1091-4d39-9822-2234497f7875,voi_de,2026-05-21 15:38:27+02,POINT (8.392484 49.01016)
VOJ:Vehicle:28d0bdd1-5165-45dd-a4fb-28dcfbddcb61,voi_de,2026-05-21 15:38:27+02,POINT (8.391032 49.012688)
VOJ:Vehicle:296b5aed-a6b5-4ea7-be59-53e20fcda830,voi_de,2026-05-21 15:38:27+02,POINT (8.354805 49.017677)
VOJ:Vehicle:2993c1c8-8b67-4af1-915a-0040f9aa1a1c,voi_de,2026-05-21 15:38:27+02,POINT (8.374984 49.015036)
VOJ:Vehicle:29c3a90e-288f-4817-9de9-c9961c6cca32,voi_de,2026-05-21 15:38:27+02,POINT (8.458167 48.997592)
VOJ:Vehicle:2af75ae6-f837-40e2-b624-4b3115128931,voi_de,2026-05-21 15:38:27+02,POINT (8.441023 49.014099)
VOJ:Vehicle:2af83c88-37e7-4d89-9776-46ad5a3b9986,voi_de,2026-05-21 15:38:27+02,POINT (8.421793 49.003812)
VOJ:Vehicle:2ef76a26-7bb9-4cfa-94be-3dd0ac753801,voi_de,2026-05-21 15:38:27+02,POINT (8.444231 49.011945)
VOJ:Vehicle:33853f58-fa30-4ff0-b3d1-bcff984c24ec,voi_de,2026-05-21 15:38:27+02,POINT (8.420209 49.001903)
VOJ:Vehicle:34bd316e-0874-4fec-a9f6-4d9344c1d5e1,voi_de,2026-05-21 15:38:27+02,POINT (8.388124 49.008848)
VOJ:Vehicle:34dfd6f3-9534-4233-967a-5216b278fd9c,voi_de,2026-05-21 15:38:27+02,POINT (8.45685 48.994063)
VOJ:Vehicle:356aea9d-b531-41d7-a98e-e9485b7491b5,voi_de,2026-05-21 15:38:27+02,POINT (8.372527 49.005079)
VOJ:Vehicle:35abfac7-c4af-4f0d-92ec-1304f9dc4a0f,voi_de,2026-05-21 15:38:27+02,POINT (8.358051 49.008051)
VOJ:Vehicle:3722e61b-ef6e-412c-a131-f25e33147689,voi_de,2026-05-21 15:38:27+02,POINT (8.392638 49.00873)
VOJ:Vehicle:38696d21-8ab9-4fcf-a115-2710fe503a33,voi_de,2026-05-21 15:38:27+02,POINT (8.419794 49.002646)
VOJ:Vehicle:39ae421f-7671-4712-bf3f-ec1ed57b53e6,voi_de,2026-05-21 15:38:27+02,POINT (8.390321 48.995845)
VOJ:Vehicle:39fa3e70-5ea8-4d30-b99a-25232ff56660,voi_de,2026-05-21 15:38:27+02,POINT (8.403673 49.00487)
VOJ:Vehicle:3a9a8e20-6369-485a-9e1a-a0d99cb707aa,voi_de,2026-05-21 15:38:27+02,POINT (8.406113 48.995984)
VOJ:Vehicle:3c4dc523-7a03-40af-b48c-93cca25df49c,voi_de,2026-05-21 15:38:27+02,POINT (8.423534 49.001026)
VOJ:Vehicle:3cea74f3-2325-46e1-a9da-b5d434210da8,voi_de,2026-05-21 15:38:27+02,POINT (8.448436 48.988796)
VOJ:Vehicle:3d7732ad-e5b0-44f1-aa24-600af29da445,voi_de,2026-05-21 15:38:27+02,POINT (8.43894 48.997128)
VOJ:Vehicle:3d7ec77a-2028-46fa-8d5f-02a535a5a0a7,voi_de,2026-05-21 15:38:27+02,POINT (8.416158 49.01134)
VOJ:Vehicle:3dffb1b2-a588-4fdf-a49f-fc01e585bd54,voi_de,2026-05-21 15:38:27+02,POINT (8.393983 49.008059)
VOJ:Vehicle:3e00c73b-c421-4901-9627-f141088f0c8d,voi_de,2026-05-21 15:38:27+02,POINT (8.42222 49.003785)
VOJ:Vehicle:3e6b2f14-8e2e-48a3-a88d-fe812bb13d51,voi_de,2026-05-21 15:38:27+02,POINT (8.472872 48.998832)
VOJ:Vehicle:3f848a95-c008-465f-82a4-6770e1afc1ac,voi_de,2026-05-21 15:38:27+02,POINT (8.383113 49.00144)
VOJ:Vehicle:3fe89c3b-538e-4d64-ac1f-5382e007a962,voi_de,2026-05-21 15:38:27+02,POINT (8.388018 49.019852)
VOJ:Vehicle:412e1a0e-fb5f-4d6c-82c4-a36693b2a103,voi_de,2026-05-21 15:38:27+02,POINT (8.358558 49.010587)
VOJ:Vehicle:44dc56c5-a67f-4fa6-9c8f-d1773592a22b,voi_de,2026-05-21 15:38:27+02,POINT (8.467066 48.996624)
VOJ:Vehicle:467b4099-d077-43d6-9240-a6767507ac77,voi_de,2026-05-21 15:38:27+02,POINT (8.419591 49.002393)
VOJ:Vehicle:47145e9b-5525-4521-9c22-212f6760d08f,voi_de,2026-05-21 15:38:27+02,POINT (8.452771 48.991888)
VOJ:Vehicle:47ad677b-64ae-4378-a0a8-1c869d3ec25b,voi_de,2026-05-21 15:38:27+02,POINT (8.414212 49.008164)
VOJ:Vehicle:47dad17e-94ad-4f9c-aa9c-07e053b84ccf,voi_de,2026-05-21 15:38:27+02,POINT (8.389033 49.015135)
VOJ:Vehicle:486ee4b2-fcce-4857-8711-4c11f2f94fe9,voi_de,2026-05-21 15:38:27+02,POINT (8.388467 48.996161)
VOJ:Vehicle:4962e22b-b8a9-4816-ad24-84c238f47e4d,voi_de,2026-05-21 15:38:27+02,POINT (8.401734 48.995033)
VOJ:Vehicle:496d8f75-869f-47d4-a012-ba70460a5c76,voi_de,2026-05-21 15:38:27+02,POINT (8.408638 49.005687)
VOJ:Vehicle:4a0a5997-7c16-4cfa-91a0-3ccd9b14ef1f,voi_de,2026-05-21 15:38:27+02,POINT (8.406593 49.005594)
VOJ:Vehicle:4bbb1961-4fb4-4c52-9b43-0d94e4b2e627,voi_de,2026-05-21 15:38:27+02,POINT (8.44598 49.01358)
VOJ:Vehicle:4d25fd11-0ba0-4f48-be0f-645aa0b97f16,voi_de,2026-05-21 15:38:27+02,POINT (8.371366 49.005696)
VOJ:Vehicle:4d9ef703-df0f-4820-8a8f-11a1fc5cd7fc,voi_de,2026-05-21 15:38:27+02,POINT (8.411502 48.994402)
VOJ:Vehicle:4e0f8836-44cd-45b8-b364-c3aa3fbdec6a,voi_de,2026-05-21 15:38:27+02,POINT (8.365569 49.000589)
VOJ:Vehicle:51703001-dccc-4c57-9751-ee3453eae55a,voi_de,2026-05-21 15:38:27+02,POINT (8.452166 48.996706)
VOJ:Vehicle:52372dbe-803a-4f3d-a0c6-423b7e06d017,voi_de,2026-05-21 15:38:27+02,POINT (8.426962 49.012992)
VOJ:Vehicle:5396ab1b-3734-4f6b-bb92-644a8394cbf7,voi_de,2026-05-21 15:38:27+02,POINT (8.411172 49.011289)
VOJ:Vehicle:539cf44b-d8c2-465e-bbd0-555ab6eda84c,voi_de,2026-05-21 15:38:27+02,POINT (8.355447 49.019441)
VOJ:Vehicle:53a1c57a-6fe0-488b-bb5f-98ef6d93764d,voi_de,2026-05-21 15:38:27+02,POINT (8.384191 48.990407)
VOJ:Vehicle:5ad79a5f-c235-42bc-af3d-1465e0391317,voi_de,2026-05-21 15:38:27+02,POINT (8.472199 48.996281)
VOJ:Vehicle:5c0cb812-d800-489a-a06f-3d0185f31e4f,voi_de,2026-05-21 15:38:27+02,POINT (8.393291 49.009978)
VOJ:Vehicle:5c770cd7-780d-4a87-92be-163f94884391,voi_de,2026-05-21 15:38:27+02,POINT (8.414529 49.003099)
VOJ:Vehicle:5ceb70f7-6512-403f-865d-303df5e50ae3,voi_de,2026-05-21 15:38:27+02,POINT (8.41697 49.014282)
VOJ:Vehicle:5ee5f9c4-aa16-42ee-8ba8-5ec4cd97a3ea,voi_de,2026-05-21 15:38:27+02,POINT (8.463978 48.998832)
VOJ:Vehicle:602beb18-092e-4efb-9567-9d366fd9cff1,voi_de,2026-05-21 15:38:27+02,POINT (8.463392 48.9976)
VOJ:Vehicle:63c832ae-c507-4155-a448-accb9374ad35,voi_de,2026-05-21 15:38:27+02,POINT (8.340879 49.004573)
VOJ:Vehicle:641294b3-3447-4afa-af3d-d0107e678f38,voi_de,2026-05-21 15:38:27+02,POINT (8.438198 49.031081)
VOJ:Vehicle:651c43a4-180c-4b86-a5d6-637396573a2b,voi_de,2026-05-21 15:38:27+02,POINT (8.351691 49.020017)
VOJ:Vehicle:67c1db69-2cfa-4eb4-9d6c-c12cf9344344,voi_de,2026-05-21 15:38:27+02,POINT (8.399511 48.991417)
VOJ:Vehicle:6975c364-74ec-4db5-b8ac-1d472ea5f0fb,voi_de,2026-05-21 15:38:27+02,POINT (8.431265 49.021058)
VOJ:Vehicle:6b5f10b2-dabf-4698-a258-6ef599fb4aae,voi_de,2026-05-21 15:38:27+02,POINT (8.409727 49.009358)
VOJ:Vehicle:6cd52c69-b573-4f61-b123-7f4e2bffaa2a,voi_de,2026-05-21 15:38:27+02,POINT (8.435049 48.99653)
VOJ:Vehicle:6cebcf96-2e2c-4848-815c-da3e9cc3124c,voi_de,2026-05-21 15:38:27+02,POINT (8.415921 49.015657)
VOJ:Vehicle:6d9a3d8a-217e-4c31-b309-4f124b5e8085,voi_de,2026-05-21 15:38:27+02,POINT (8.402056 48.994629)
VOJ:Vehicle:6eb6ea55-eae1-4825-9601-e176c29bddd9,voi_de,2026-05-21 15:38:27+02,POINT (8.403399 49.006224)
VOJ:Vehicle:6edac5e0-6923-47ac-90fb-f3bcd4442a45,voi_de,2026-05-21 15:38:27+02,POINT (8.415686 49.016039)
VOJ:Vehicle:711582f7-1d2a-4c5a-ba3a-d079ea166a92,voi_de,2026-05-21 15:38:27+02,POINT (8.419057 49.007067)
VOJ:Vehicle:727ffcbd-62a3-4ecf-ada6-4e5252a5d446,voi_de,2026-05-21 15:38:27+02,POINT (8.419905 49.008297)
VOJ:Vehicle:75c79977-fcbf-4616-9f4a-be40533807b3,voi_de,2026-05-21 15:38:27+02,POINT (8.438366 49.01137)
VOJ:Vehicle:76668fef-a36d-4021-92ac-fef33b1a4885,voi_de,2026-05-21 15:38:27+02,POINT (8.365473 49.019047)
VOJ:Vehicle:7797f49e-876b-45cd-95d6-04d7b386c14b,voi_de,2026-05-21 15:38:27+02,POINT (8.462937 48.995657)
VOJ:Vehicle:77ff083b-ac94-4d77-ab36-1386d053d9ee,voi_de,2026-05-21 15:38:27+02,POINT (8.411153 49.007902)
VOJ:Vehicle:78cf9609-77a2-4abe-9ac6-6f785456b488,voi_de,2026-05-21 15:38:27+02,POINT (8.365285 49.001437)
VOJ:Vehicle:7a0459a2-c92f-4bfa-88d0-be517e66f5f5,voi_de,2026-05-21 15:38:27+02,POINT (8.408574 49.005783)
VOJ:Vehicle:7acd4a31-80be-46cf-9439-7f220a7a2673,voi_de,2026-05-21 15:38:27+02,POINT (8.416767 49.014195)
VOJ:Vehicle:7bba2f47-cd55-4eb4-9795-77905e214f01,voi_de,2026-05-21 15:38:27+02,POINT (8.464214 49.000493)
VOJ:Vehicle:7c5912d1-d020-4d4f-9e75-b2cd061450c9,voi_de,2026-05-21 15:38:27+02,POINT (8.403127 48.996274)
VOJ:Vehicle:7c6291d4-b78e-4440-b5f1-71ec67b08073,voi_de,2026-05-21 15:38:27+02,POINT (8.396215 49.00715)
VOJ:Vehicle:7cf93ac6-f129-46e0-acd3-2036594853df,voi_de,2026-05-21 15:38:27+02,POINT (8.459837 48.989061)
VOJ:Vehicle:80faeb8e-40b2-40f6-bcd3-b6021d8085cb,voi_de,2026-05-21 15:38:27+02,POINT (8.375643 48.990929)
VOJ:Vehicle:81347fc6-dbce-4605-9c35-41c8ce553bbe,voi_de,2026-05-21 15:38:27+02,POINT (8.405562 49.008323)
VOJ:Vehicle:81472d9a-6db2-4eea-819b-042e01dfb96b,voi_de,2026-05-21 15:38:27+02,POINT (8.411045 49.010645)
VOJ:Vehicle:81e2cf7a-14bf-4b29-92ea-510514f75818,voi_de,2026-05-21 15:38:27+02,POINT (8.45477 49.001914)
VOJ:Vehicle:841bcefa-c5a9-40ee-aeb7-28f387ab0d1a,voi_de,2026-05-21 15:38:27+02,POINT (8.399974 48.994703)
VOJ:Vehicle:841beda2-7550-4cfc-ae81-a08e078e4ac2,voi_de,2026-05-21 15:38:27+02,POINT (8.411524 49.006688)
VOJ:Vehicle:85b8539f-0768-4c14-a2f7-f9be7a40639c,voi_de,2026-05-21 15:38:27+02,POINT (8.419264 49.001336)
VOJ:Vehicle:86b636b2-daa4-4d7b-af70-7ff79c6d9b91,voi_de,2026-05-21 15:38:27+02,POINT (8.416342 49.01141)
VOJ:Vehicle:86d58423-a895-483b-b614-848a775579d4,voi_de,2026-05-21 15:38:27+02,POINT (8.456461 48.99498)
VOJ:Vehicle:881a04af-c3ca-459b-b2ee-62a37a5d8316,voi_de,2026-05-21 15:38:27+02,POINT (8.393999 49.025766)
VOJ:Vehicle:8b1d9003-0e7d-4224-9b7a-41187e2eb255,voi_de,2026-05-21 15:38:27+02,POINT (8.394914 49.007058)
VOJ:Vehicle:8b5abd3a-8269-4878-961d-8057ce46f045,voi_de,2026-05-21 15:38:27+02,POINT (8.421653 49.000861)
VOJ:Vehicle:8b5ed4a7-c34f-4ed3-969e-f10f97dd6e47,voi_de,2026-05-21 15:38:27+02,POINT (8.384886 49.00262)
VOJ:Vehicle:8d337b8a-5481-4199-92da-443882f1480c,voi_de,2026-05-21 15:38:27+02,POINT (8.414582 49.009146)
VOJ:Vehicle:8e0bff67-4658-4ed2-934c-0b21d106ba75,voi_de,2026-05-21 15:38:27+02,POINT (8.405359 49.008126)
VOJ:Vehicle:8ea7a1b6-b7d6-46ba-999d-dbddc38849e8,voi_de,2026-05-21 15:38:27+02,POINT (8.465123 48.998945)
VOJ:Vehicle:8f169209-3aea-42ab-9c19-656435a972c6,voi_de,2026-05-21 15:38:27+02,POINT (8.44882 48.994175)
VOJ:Vehicle:8fa004c4-6104-49a8-807a-c4d0a6f62b7d,voi_de,2026-05-21 15:38:27+02,POINT (8.457329 48.992917)
VOJ:Vehicle:9051d612-4424-4afb-94d9-68932828fd26,voi_de,2026-05-21 15:38:27+02,POINT (8.33715 49.035068)
VOJ:Vehicle:91128bf1-56d4-41db-b17a-63935b977ae2,voi_de,2026-05-21 15:38:27+02,POINT (8.424359 49.006474)
VOJ:Vehicle:91b5c936-230c-4a96-81cf-6416f3af925f,voi_de,2026-05-21 15:38:27+02,POINT (8.393219 49.036826)
VOJ:Vehicle:92a23b89-6049-46fc-ae77-f043e6eb8234,voi_de,2026-05-21 15:38:27+02,POINT (8.428068 49.013335)
VOJ:Vehicle:92bfb457-3571-44f8-a193-e6474c74f9c7,voi_de,2026-05-21 15:38:27+02,POINT (8.398351 49.004644)
VOJ:Vehicle:934fa5aa-2546-47f5-80db-2d08e4f3af3d,voi_de,2026-05-21 15:38:27+02,POINT (8.39786 49.008599)
VOJ:Vehicle:93690a44-2c80-4bf8-ab4d-2d59663fcb20,voi_de,2026-05-21 15:38:27+02,POINT (8.410739 49.000167)
VOJ:Vehicle:94cd40f7-aefb-4bf5-8eb2-6b8cd5486704,voi_de,2026-05-21 15:38:27+02,POINT (8.457983 49.000976)
VOJ:Vehicle:973f4b05-8be0-4403-8bbe-1cddd218bf8a,voi_de,2026-05-21 15:38:27+02,POINT (8.451994 48.991636)
VOJ:Vehicle:98b43fc2-e73b-4def-8c6e-d4ebd2174583,voi_de,2026-05-21 15:38:27+02,POINT (8.446965 48.992697)
VOJ:Vehicle:993ebbbb-1ffa-48c2-84f5-7b2bf3b69101,voi_de,2026-05-21 15:38:27+02,POINT (8.43673 49.012262)
VOJ:Vehicle:99d0b4bd-ccb2-4c88-9690-6f2e6de69963,voi_de,2026-05-21 15:38:27+02,POINT (8.414862 49.01307)
VOJ:Vehicle:99e922fe-1837-4cd5-aff9-574c9c04ab26,voi_de,2026-05-21 15:38:27+02,POINT (8.415423 49.011093)
VOJ:Vehicle:9a3593d5-27ac-44c1-968f-608bf79fdcbf,voi_de,2026-05-21 15:38:27+02,POINT (8.409932 49.009379)
VOJ:Vehicle:9a5c56b9-1667-4f85-81ba-7f483b2fba39,voi_de,2026-05-21 15:38:27+02,POINT (8.413317 49.005256)
VOJ:Vehicle:9bb7d866-2f62-44be-8d9b-25da5a10a9ac,voi_de,2026-05-21 15:38:27+02,POINT (8.431294 49.021919)
VOJ:Vehicle:9df1c392-4961-4828-aedf-14c03d59173c,voi_de,2026-05-21 15:38:27+02,POINT (8.454803 49.002319)
VOJ:Vehicle:9ef9dc3c-adc6-4afc-8ed7-bc36144736b7,voi_de,2026-05-21 15:38:27+02,POINT (8.393928 49.007503)
VOJ:Vehicle:a1ae785e-40c4-40eb-9e1d-b1a21d0e6622,voi_de,2026-05-21 15:38:27+02,POINT (8.354943 49.004163)
VOJ:Vehicle:a1de49a3-0c7e-4cb1-a918-cff478428c3c,voi_de,2026-05-21 15:38:27+02,POINT (8.359423 49.03314)
VOJ:Vehicle:a388ea21-7c61-45af-8e69-ed58d5eeff9c,voi_de,2026-05-21 15:38:27+02,POINT (8.429367 49.009756)
VOJ:Vehicle:a4bd4501-9a75-4bf1-8de6-8b1b7734fbb9,voi_de,2026-05-21 15:38:27+02,POINT (8.395074 48.993718)
VOJ:Vehicle:a4dbcfef-b2c1-4191-b14b-bbe371fc6229,voi_de,2026-05-21 15:38:27+02,POINT (8.427002 49.023227)
VOJ:Vehicle:a658de1a-99e0-41e4-bf97-60aeda8d5b3f,voi_de,2026-05-21 15:38:27+02,POINT (8.389323 49.012742)
VOJ:Vehicle:a6da9b24-6e3f-4c88-8ea6-e7849b42d30e,voi_de,2026-05-21 15:38:27+02,POINT (8.355514 49.021156)
VOJ:Vehicle:a70d2edb-f13c-458b-b50c-c9e4bc3ab46c,voi_de,2026-05-21 15:38:27+02,POINT (8.437693 49.01581)
VOJ:Vehicle:a7920cf4-bd2a-4165-8df0-887a821597ff,voi_de,2026-05-21 15:38:27+02,POINT (8.467625 48.99951)
VOJ:Vehicle:abc74ef3-be55-4531-8f52-d06ef2120092,voi_de,2026-05-21 15:38:27+02,POINT (8.36032 48.987297)
VOJ:Vehicle:abd4ba3b-e24d-457a-99a8-3cc4df3fece2,voi_de,2026-05-21 15:38:27+02,POINT (8.379289 49.000743)
VOJ:Vehicle:ac2eb311-1999-4611-892d-9b3b2cc20045,voi_de,2026-05-21 15:38:27+02,POINT (8.407905 49.006864)
VOJ:Vehicle:ad7ed8bf-3263-436e-b693-7673e54c3592,voi_de,2026-05-21 15:38:27+02,POINT (8.438281 49.020878)
VOJ:Vehicle:ae0db7bc-e6bb-4136-9c32-c29fe70c7f05,voi_de,2026-05-21 15:38:27+02,POINT (8.407058 48.999077)
VOJ:Vehicle:af6bda21-0478-46c8-9042-f52d4c02332a,voi_de,2026-05-21 15:38:27+02,POINT (8.413857 48.999131)
VOJ:Vehicle:b0d3695a-8d41-48aa-85b5-9c3602b44582,voi_de,2026-05-21 15:38:27+02,POINT (8.464232 49.000518)
VOJ:Vehicle:b53072a6-bb30-4e06-8f2c-3879c149719a,voi_de,2026-05-21 15:38:27+02,POINT (8.346607 48.999908)
VOJ:Vehicle:b5498bc5-a17b-47d3-b08d-cd2379e312e6,voi_de,2026-05-21 15:38:27+02,POINT (8.426857 49.003883)
VOJ:Vehicle:b5d940fe-5de6-41af-943c-a41dc3e231ce,voi_de,2026-05-21 15:38:27+02,POINT (8.398373 48.994193)
VOJ:Vehicle:b6391460-f46a-4bfc-aa65-bc2ee71e706b,voi_de,2026-05-21 15:38:27+02,POINT (8.36361 49.007248)
VOJ:Vehicle:b6d216a4-5e7c-4fd3-9a2e-acf07cc2dbc1,voi_de,2026-05-21 15:38:27+02,POINT (8.411809 49.012489)
VOJ:Vehicle:b92e7c7c-996b-4819-bff8-54ace792448f,voi_de,2026-05-21 15:38:27+02,POINT (8.391752 49.029922)
VOJ:Vehicle:b98c2dae-f770-4485-969b-3c97ac4bfebc,voi_de,2026-05-21 15:38:27+02,POINT (8.398347 48.994163)
VOJ:Vehicle:ba411d96-9f56-456d-9c94-fe3c72cd0650,voi_de,2026-05-21 15:38:27+02,POINT (8.408361 49.007216)
VOJ:Vehicle:bc252f18-fd4f-4033-a25d-b9b308a6fa26,voi_de,2026-05-21 15:38:27+02,POINT (8.409845 49.009411)
VOJ:Vehicle:bdddc7be-2b30-4258-8fda-61f9b9e0699a,voi_de,2026-05-21 15:38:27+02,POINT (8.393563 49.024997)
VOJ:Vehicle:bde299e1-ec87-4629-bbc2-d8c35f296e47,voi_de,2026-05-21 15:38:27+02,POINT (8.457745 48.997732)
VOJ:Vehicle:bf1f7c94-e788-4e5f-a82d-cf764e325601,voi_de,2026-05-21 15:38:27+02,POINT (8.411785 49.012744)
VOJ:Vehicle:c0b95d94-67a0-4e2d-8d84-280ec491f862,voi_de,2026-05-21 15:38:27+02,POINT (8.365366 49.020662)
VOJ:Vehicle:c0f97eec-2254-4569-a0ed-784ead0c18f8,voi_de,2026-05-21 15:38:27+02,POINT (8.357714 49.019727)
VOJ:Vehicle:c1f831d3-ef14-41c4-84f6-ef2dd6e50f99,voi_de,2026-05-21 15:38:27+02,POINT (8.45813 48.997635)
VOJ:Vehicle:c21f2991-26f7-46bb-84d5-02a27e5edb85,voi_de,2026-05-21 15:38:27+02,POINT (8.46207 49.000939)
VOJ:Vehicle:c2b4a8b1-aca7-4073-b597-73433b437a8e,voi_de,2026-05-21 15:38:27+02,POINT (8.436819 49.013114)
VOJ:Vehicle:c527808b-0689-401a-a42e-7f113600e49d,voi_de,2026-05-21 15:38:27+02,POINT (8.419238 49.005661)
VOJ:Vehicle:c6e6dab8-51de-4c0a-8c30-d16b04a0ee26,voi_de,2026-05-21 15:38:27+02,POINT (8.468518 48.999195)
VOJ:Vehicle:c80ede03-2ae8-4658-8ad5-43877c903903,voi_de,2026-05-21 15:38:27+02,POINT (8.415976 49.010968)
VOJ:Vehicle:c8f79c0a-eedc-49f0-a66f-8d72c7869dc0,voi_de,2026-05-21 15:38:27+02,POINT (8.421547 49.003533)
VOJ:Vehicle:ca3ac74d-3937-403e-8c21-ad3450686e10,voi_de,2026-05-21 15:38:27+02,POINT (8.451672 48.988897)
VOJ:Vehicle:ca6f33f6-bf40-4d90-b295-d8d4d0df17b9,voi_de,2026-05-21 15:38:27+02,POINT (8.403164 48.995741)
VOJ:Vehicle:cbd24957-e1eb-432c-a230-63b93c9eb531,voi_de,2026-05-21 15:38:27+02,POINT (8.461198 48.988435)
VOJ:Vehicle:cf7fd223-eb86-4e75-9620-4cdce665c44b,voi_de,2026-05-21 15:38:27+02,POINT (8.456848 48.994073)
VOJ:Vehicle:d0de3680-508e-4376-847b-fa78ff9c81c4,voi_de,2026-05-21 15:38:27+02,POINT (8.356726 49.011353)
VOJ:Vehicle:d44688c9-cdf8-4c2a-8873-21a516b25bc9,voi_de,2026-05-21 15:38:27+02,POINT (8.46133 48.992994)
VOJ:Vehicle:d51a01a2-76af-4e20-acdf-ea14504fd3b8,voi_de,2026-05-21 15:38:27+02,POINT (8.392021 49.016173)
VOJ:Vehicle:d531c58c-e66c-4977-87ae-dd085467f71a,voi_de,2026-05-21 15:38:27+02,POINT (8.360468 49.008969)
VOJ:Vehicle:d5a91d91-56e2-4f9f-8f9a-913e989b1986,voi_de,2026-05-21 15:38:27+02,POINT (8.407265 49.00443)
VOJ:Vehicle:d5fbdc5b-7012-439f-ba34-b00abb28b21a,voi_de,2026-05-21 15:38:27+02,POINT (8.39312 49.016378)
VOJ:Vehicle:d60105f0-65e6-48d4-83cd-f9d4b0394c3d,voi_de,2026-05-21 15:38:27+02,POINT (8.416047 49.011053)
VOJ:Vehicle:d65c70b8-ef33-47c8-9276-865461b30c94,voi_de,2026-05-21 15:38:27+02,POINT (8.403755 49.00505)
VOJ:Vehicle:d69401e8-f0b0-4286-905f-ccded6ddded5,voi_de,2026-05-21 15:38:27+02,POINT (8.415124 49.013117)
VOJ:Vehicle:d74be98d-f6fd-4ba9-b3d7-0f385e890eb5,voi_de,2026-05-21 15:38:27+02,POINT (8.397752 49.001376)
VOJ:Vehicle:d760f83f-0029-4f0f-b36f-95f3a4a04b92,voi_de,2026-05-21 15:38:27+02,POINT (8.435099 48.996811)
VOJ:Vehicle:d8e736f2-842b-491e-b3f3-ff5b47f4a50a,voi_de,2026-05-21 15:38:27+02,POINT (8.417403 48.999422)
VOJ:Vehicle:d9d3c640-e53f-4a88-a034-2aa8fdc2c72a,voi_de,2026-05-21 15:38:27+02,POINT (8.41476 49.004013)
VOJ:Vehicle:dbf82675-671f-4c22-be1b-12f24fe4ea16,voi_de,2026-05-21 15:38:27+02,POINT (8.362327 48.989954)
VOJ:Vehicle:de6bdf2e-56b0-4125-8f03-1cdeddb28089,voi_de,2026-05-21 15:38:27+02,POINT (8.363831 49.010382)
VOJ:Vehicle:de7ade5e-cc09-4360-bd49-478e67906142,voi_de,2026-05-21 15:38:27+02,POINT (8.380983 48.991161)
VOJ:Vehicle:deb1e6be-6ec6-4a75-b9c9-c84bde00cb2c,voi_de,2026-05-21 15:38:27+02,POINT (8.45603 48.995155)
VOJ:Vehicle:e050853a-554c-4a0d-a239-2006bcae56a4,voi_de,2026-05-21 15:38:27+02,POINT (8.410339 48.996731)
VOJ:Vehicle:e13febfe-efb8-4000-bdad-8d38b2b02f8a,voi_de,2026-05-21 15:38:27+02,POINT (8.414921 49.008415)
VOJ:Vehicle:e1db9445-15d1-4a26-8645-a66fea224141,voi_de,2026-05-21 15:38:27+02,POINT (8.374724 49.015132)
VOJ:Vehicle:e222fc29-93eb-41d7-a0bf-f5fc9140bb77,voi_de,2026-05-21 15:38:27+02,POINT (8.467669 48.993356)
VOJ:Vehicle:e3557061-d426-48eb-9815-5a314f55273c,voi_de,2026-05-21 15:38:27+02,POINT (8.370161 49.034668)
VOJ:Vehicle:e5d456de-8fbe-4b66-a8fb-dac76bcbfee8,voi_de,2026-05-21 15:38:27+02,POINT (8.443308 49.005189)
VOJ:Vehicle:e6215404-cda6-4b21-8e62-b918fa725dc8,voi_de,2026-05-21 15:38:27+02,POINT (8.469658 49.000327)
VOJ:Vehicle:e6a389f7-182d-4320-8f11-7460dc7e1669,voi_de,2026-05-21 15:38:27+02,POINT (8.354618 49.01931)
VOJ:Vehicle:e8d5114a-0434-44b7-9859-6c6c104e3d31,voi_de,2026-05-21 15:38:27+02,POINT (8.391816 49.009823)
VOJ:Vehicle:e955668b-6e2a-4da2-b3c4-17681e9a6166,voi_de,2026-05-21 15:38:27+02,POINT (8.338814 49.029149)
VOJ:Vehicle:ec7c8550-6f37-46c6-a763-18791bcb5562,voi_de,2026-05-21 15:38:27+02,POINT (8.395196 49.005702)
VOJ:Vehicle:eec86b44-6198-4152-8e92-0f0a9841f825,voi_de,2026-05-21 15:38:27+02,POINT (8.414161 49.008471)
VOJ:Vehicle:f0a1d887-c007-490a-b9b3-70fb8963a9cc,voi_de,2026-05-21 15:38:27+02,POINT (8.435906 48.999416)
VOJ:Vehicle:f1e89ce7-efdc-4984-98e8-da2daa9a5faf,voi_de,2026-05-21 15:38:27+02,POINT (8.408736 49.009409)
VOJ:Vehicle:f231b09c-3b16-453c-8233-e3cea66ca214,voi_de,2026-05-21 15:38:27+02,POINT (8.359281 49.010819)
VOJ:Vehicle:f270add9-c309-4b15-9358-e99f8432d66e,voi_de,2026-05-21 15:38:27+02,POINT (8.399921 49.011462)
VOJ:Vehicle:f366169d-6104-4e6b-b0a5-50533f24a489,voi_de,2026-05-21 15:38:27+02,POINT (8.40384 48.996571)
VOJ:Vehicle:f3858240-7ac7-498c-a566-d43ada90af7c,voi_de,2026-05-21 15:38:27+02,POINT (8.418225 49.014202)
VOJ:Vehicle:f3c5dcc2-1ff6-4d7c-89c4-2f7f2f10c662,voi_de,2026-05-21 15:38:27+02,POINT (8.438091 49.020748)
VOJ:Vehicle:f5cadb54-eb0e-455a-ae04-5687326637fe,voi_de,2026-05-21 15:38:27+02,POINT (8.412985 48.998355)
VOJ:Vehicle:f5e51edb-ae1c-4ece-b5ff-dc56193a4d44,voi_de,2026-05-21 15:38:27+02,POINT (8.360787 49.00624)
VOJ:Vehicle:f5ed9259-b509-446a-9b58-ef0e4e8ff791,voi_de,2026-05-21 15:38:27+02,POINT (8.385935 49.008638)
VOJ:Vehicle:f8348515-419b-4941-b867-02d9b4b117bb,voi_de,2026-05-21 15:38:27+02,POINT (8.40002 48.994854)
VOJ:Vehicle:fa5118e9-71d0-474c-a505-d020697a9e53,voi_de,2026-05-21 15:38:27+02,POINT (8.421451 49.019551)
VOJ:Vehicle:fc1aed0e-1819-484b-917a-5c2ac421929c,voi_de,2026-05-21 15:38:27+02,POINT (8.388756 49.009398)
VOJ:Vehicle:fcb6146c-9655-43f0-b0f2-1a8e7ac2d2c3,voi_de,2026-05-21 15:38:27+02,POINT (8.38782 49.010166)
VOJ:Vehicle:fcf3319e-95c9-46c4-94d2-7fefd10707f6,voi_de,2026-05-21 15:38:27+02,POINT (8.365025 49.01166)
VOJ:Vehicle:fd9b68c3-71a3-457d-b1af-75eceed41d95,voi_de,2026-05-21 15:38:27+02,POINT (8.408595 49.01105)
VOJ:Vehicle:0008ad8a-965e-429b-ab90-06e7cd1b2fb4,voi_de,2026-05-21 15:38:27+02,POINT (8.376356 49.029981)
VOJ:Vehicle:01db0d81-d5ed-470f-a3f8-c28468442050,voi_de,2026-05-21 15:38:27+02,POINT (8.408657 49.011025)
VOJ:Vehicle:02bf66f8-6ef9-40f4-bce9-82f7a0dcfe20,voi_de,2026-05-21 15:38:27+02,POINT (8.465578 48.999726)
VOJ:Vehicle:04455c7c-e40b-49c8-b400-336de8e197aa,voi_de,2026-05-21 15:38:27+02,POINT (8.445333 48.992922)
VOJ:Vehicle:048343d0-325f-4693-b9ca-9690ce8c63a2,voi_de,2026-05-21 15:38:27+02,POINT (8.408647 49.006214)
VOJ:Vehicle:04c21ec1-dea7-4a61-8d63-282f1fe89a66,voi_de,2026-05-21 15:38:27+02,POINT (8.382413 48.993554)
VOJ:Vehicle:0694e459-ea09-4a3d-82b1-9ba3ea14f7b2,voi_de,2026-05-21 15:38:27+02,POINT (8.371083 49.002854)
VOJ:Vehicle:06b79e54-4c11-4ee8-bc4f-42f6defe27e4,voi_de,2026-05-21 15:38:27+02,POINT (8.476151 48.999114)
VOJ:Vehicle:08e33c63-58fb-42bf-88c4-b13b347903bd,voi_de,2026-05-21 15:38:27+02,POINT (8.410122 48.996177)
VOJ:Vehicle:09bd135d-3e4a-40f2-a418-f894c94af7b8,voi_de,2026-05-21 15:38:27+02,POINT (8.439192 48.998994)
VOJ:Vehicle:09f0075f-a2fb-4533-bb3b-8ef9093e23b1,voi_de,2026-05-21 15:38:27+02,POINT (8.456053 48.994986)
VOJ:Vehicle:0b3a53cc-7a4e-4ead-9f95-c250e21e15b6,voi_de,2026-05-21 15:38:27+02,POINT (8.418424 49.011133)
VOJ:Vehicle:0b528a03-8069-44c7-b5f1-488ca641b4c5,voi_de,2026-05-21 15:38:27+02,POINT (8.373532 49.023528)
VOJ:Vehicle:0bbb2100-2a0e-42f9-be11-df1763ca0c0d,voi_de,2026-05-21 15:38:27+02,POINT (8.435297 48.996838)
VOJ:Vehicle:0ed571d4-f127-4472-8cab-4df37994296a,voi_de,2026-05-21 15:38:27+02,POINT (8.47566 48.995795)
VOJ:Vehicle:0f4206d4-4a45-4e8f-a423-540ea73c8946,voi_de,2026-05-21 15:38:27+02,POINT (8.427136 49.012355)
VOJ:Vehicle:0f7d059a-ad32-4e11-8321-f7a568f3c2b5,voi_de,2026-05-21 15:38:27+02,POINT (8.454258 48.996255)
VOJ:Vehicle:105086a2-513a-4352-a555-b9ebec78b293,voi_de,2026-05-21 15:38:27+02,POINT (8.436822 49.005549)
VOJ:Vehicle:10a947ea-23ae-41b6-aa95-fbe5208f0cdf,voi_de,2026-05-21 15:38:27+02,POINT (8.39876 49.00901)
VOJ:Vehicle:1159b952-71f4-4351-8609-79d21dbd681e,voi_de,2026-05-21 15:38:27+02,POINT (8.415319 49.020026)
VOJ:Vehicle:16bfa4c5-42d2-4b09-909a-05fa3080dc13,voi_de,2026-05-21 15:38:27+02,POINT (8.392785 49.000832)
VOJ:Vehicle:19815b6d-3256-46ca-a491-5bea8c9b4343,voi_de,2026-05-21 15:38:27+02,POINT (8.391136 49.002344)
VOJ:Vehicle:1a8a06bf-5873-4f37-b776-123b139d4f36,voi_de,2026-05-21 15:38:27+02,POINT (8.40772 49.009205)
VOJ:Vehicle:1b5f94bc-25a2-44fb-b0b9-d66eda413704,voi_de,2026-05-21 15:38:27+02,POINT (8.389574 49.016456)
VOJ:Vehicle:1b858c3f-ba1f-4cb1-93c0-f3e2e9312cdc,voi_de,2026-05-21 15:38:27+02,POINT (8.459135 48.991099)
VOJ:Vehicle:1b85f3a0-866c-4c5a-a44d-212905351b11,voi_de,2026-05-21 15:38:27+02,POINT (8.394949 49.009299)
VOJ:Vehicle:1c7133ee-def7-4463-ac78-70c09aa106b0,voi_de,2026-05-21 15:38:27+02,POINT (8.35007 49.034954)
VOJ:Vehicle:1db4d10f-c38f-4052-9907-c485315b47dc,voi_de,2026-05-21 15:38:27+02,POINT (8.365118 49.011614)
VOJ:Vehicle:1e26bacc-aea1-43e8-9cc0-6bb116fb45b2,voi_de,2026-05-21 15:38:27+02,POINT (8.444928 48.993137)
VOJ:Vehicle:1f525fec-1397-458f-86bf-de390e6f9514,voi_de,2026-05-21 15:38:27+02,POINT (8.393134 49.037014)
VOJ:Vehicle:2013ce92-1b5a-4c21-87d2-0836610bbee2,voi_de,2026-05-21 15:38:27+02,POINT (8.390637 49.014664)
VOJ:Vehicle:201622fe-4eda-48d9-b405-abe3fddd786f,voi_de,2026-05-21 15:38:27+02,POINT (8.4049 49.005756)
VOJ:Vehicle:201e46f7-6344-4536-8272-88f841314434,voi_de,2026-05-21 15:38:27+02,POINT (8.410159 49.009484)
VOJ:Vehicle:20fcefe1-344e-4ab9-933a-20a58fc0bf9b,voi_de,2026-05-21 15:38:27+02,POINT (8.35824 49.004632)
VOJ:Vehicle:223bf2a4-1c92-4a27-a899-9cb955f4c202,voi_de,2026-05-21 15:38:27+02,POINT (8.38551 49.00329)
VOJ:Vehicle:231b7421-1231-4981-b111-6fdd6febdf0e,voi_de,2026-05-21 15:38:27+02,POINT (8.436856 49.005555)
VOJ:Vehicle:2459d382-ef77-4e71-b8d7-77b56de5ff06,voi_de,2026-05-21 15:38:27+02,POINT (8.405447 49.008199)
VOJ:Vehicle:247ba251-e587-4e85-a5af-dc0e7022e14d,voi_de,2026-05-21 15:38:27+02,POINT (8.371011 48.996022)
VOJ:Vehicle:247f7d28-55fd-44f4-9543-1c9669046c78,voi_de,2026-05-21 15:38:27+02,POINT (8.42677 49.003947)
VOJ:Vehicle:25b6bfa6-754f-48fa-aa6b-2458bf638670,voi_de,2026-05-21 15:38:27+02,POINT (8.427137 49.012837)
VOJ:Vehicle:265c11b7-73b7-4f8d-984a-b34884274e8c,voi_de,2026-05-21 15:38:27+02,POINT (8.468488 48.998257)
VOJ:Vehicle:2909b6ec-b9e2-4214-8873-5a51d6064cd8,voi_de,2026-05-21 15:38:27+02,POINT (8.406233 48.995843)
VOJ:Vehicle:29ec7132-1f9a-4763-af16-67834abb669b,voi_de,2026-05-21 15:38:27+02,POINT (8.407286 49.008737)
VOJ:Vehicle:2bc8b353-f39a-42f0-8b01-0c0d99139f30,voi_de,2026-05-21 15:38:27+02,POINT (8.395842 48.995627)
VOJ:Vehicle:2bf08619-1105-4c16-a331-2b41f71aa111,voi_de,2026-05-21 15:38:27+02,POINT (8.352759 48.998368)
VOJ:Vehicle:2cc3825e-bad8-4fe9-b1d3-f1c51c98d18f,voi_de,2026-05-21 15:38:27+02,POINT (8.467667 48.998952)
VOJ:Vehicle:2f43701f-8515-4486-a47c-b038d4bfba8c,voi_de,2026-05-21 15:38:27+02,POINT (8.420131 49.003764)
VOJ:Vehicle:312ddaa6-4490-4072-9a55-19b34fdac851,voi_de,2026-05-21 15:38:27+02,POINT (8.388222 49.001281)
VOJ:Vehicle:3319b50d-6baf-4579-8ff9-c89bd319311d,voi_de,2026-05-21 15:38:27+02,POINT (8.394255 49.030732)
VOJ:Vehicle:34d1308f-c9cb-447a-8b61-6691871f7954,voi_de,2026-05-21 15:38:27+02,POINT (8.442843 49.028037)
VOJ:Vehicle:3529aa38-fb6b-46e1-8e4b-f528fe005a06,voi_de,2026-05-21 15:38:27+02,POINT (8.412906 49.010578)
VOJ:Vehicle:3542345c-a421-4a02-a72f-e6a8fc767c3c,voi_de,2026-05-21 15:38:27+02,POINT (8.394628 49.006837)
VOJ:Vehicle:354363c2-e9cb-4dd3-836f-fe18e6b534cc,voi_de,2026-05-21 15:38:27+02,POINT (8.348363 48.998972)
VOJ:Vehicle:35bc533f-a901-48e9-8330-e6943a7dd978,voi_de,2026-05-21 15:38:27+02,POINT (8.410674 49.012349)
VOJ:Vehicle:35e32145-48f3-46de-80c4-0ca283f009c7,voi_de,2026-05-21 15:38:27+02,POINT (8.430458 49.004246)
VOJ:Vehicle:3767475f-fbee-41b4-8366-899ede607d8d,voi_de,2026-05-21 15:38:27+02,POINT (8.395847 48.993911)
VOJ:Vehicle:39ef3b94-5820-4023-8e48-09aa95e35e2a,voi_de,2026-05-21 15:38:27+02,POINT (8.456812 48.994019)
VOJ:Vehicle:3b3f3607-6312-4e84-9d34-ae6c595e5f57,voi_de,2026-05-21 15:38:27+02,POINT (8.460413 48.996257)
VOJ:Vehicle:3b9b94ae-95f0-443d-869b-4c231012fca2,voi_de,2026-05-21 15:38:27+02,POINT (8.436145 48.99675)
VOJ:Vehicle:3bb2ff4e-ca7c-4fdf-86ad-eccebed243af,voi_de,2026-05-21 15:38:27+02,POINT (8.467865 48.993545)
VOJ:Vehicle:3d03c4c2-2f70-40eb-9cea-686012d56ca9,voi_de,2026-05-21 15:38:27+02,POINT (8.407387 48.999125)
VOJ:Vehicle:3daa6848-3a37-4d2a-96c6-5fd209b50200,voi_de,2026-05-21 15:38:27+02,POINT (8.420486 49.014276)
VOJ:Vehicle:3ee83536-012c-4fd8-81b4-bf7b58f58211,voi_de,2026-05-21 15:38:27+02,POINT (8.410491 49.009675)
VOJ:Vehicle:3f6602f3-80c5-4df9-a496-5d880205433e,voi_de,2026-05-21 15:38:27+02,POINT (8.415498 49.008877)
VOJ:Vehicle:3fb18abd-b71d-46e0-b53a-746fe5baaef6,voi_de,2026-05-21 15:38:27+02,POINT (8.401768 48.991798)
VOJ:Vehicle:400a140f-721d-4c05-85f0-d5898814130a,voi_de,2026-05-21 15:38:27+02,POINT (8.399376 49.005556)
VOJ:Vehicle:416b04bc-e24d-4b45-8b9f-83aa7310a2c3,voi_de,2026-05-21 15:38:27+02,POINT (8.402105 48.994537)
VOJ:Vehicle:419c56c3-6658-4ed7-a104-d34034fe8d82,voi_de,2026-05-21 15:38:27+02,POINT (8.391725 49.009716)
VOJ:Vehicle:42d2b274-c243-4b2c-b042-c645f2c4862d,voi_de,2026-05-21 15:38:27+02,POINT (8.414631 49.01372)
VOJ:Vehicle:4389776d-67df-4af8-b1ff-5a5b9403e944,voi_de,2026-05-21 15:38:27+02,POINT (8.39181 49.009626)
VOJ:Vehicle:43f86f44-d55d-423e-be7a-b17664198a50,voi_de,2026-05-21 15:38:27+02,POINT (8.360063 49.024061)
VOJ:Vehicle:440dbf90-0d8f-4899-adc9-824b8755d751,voi_de,2026-05-21 15:38:27+02,POINT (8.431719 49.008928)
VOJ:Vehicle:46001221-d8d3-498e-82b7-6f09709ce7cc,voi_de,2026-05-21 15:38:27+02,POINT (8.34858 49.037311)
VOJ:Vehicle:4658089f-fb95-4598-8856-29c2a2c931a4,voi_de,2026-05-21 15:38:27+02,POINT (8.438985 48.997112)
VOJ:Vehicle:49ea5fb0-016b-4928-98f0-b80897d68567,voi_de,2026-05-21 15:38:27+02,POINT (8.345766 48.99971)
VOJ:Vehicle:4a455486-79c5-40e4-950c-2f70d3b6ba2b,voi_de,2026-05-21 15:38:27+02,POINT (8.431311 49.021855)
VOJ:Vehicle:4b063ba4-4ef0-4a33-8524-071a9209f03a,voi_de,2026-05-21 15:38:27+02,POINT (8.386408 48.997304)
VOJ:Vehicle:4cd55a8a-84a9-44d7-9068-e73656d8b34e,voi_de,2026-05-21 15:38:27+02,POINT (8.401002 49.004197)
VOJ:Vehicle:4dcee6c0-5c9b-47f2-a6c8-834f213d9a10,voi_de,2026-05-21 15:38:27+02,POINT (8.380889 49.001212)
VOJ:Vehicle:4e72d211-8a0a-4e51-8651-786a48edc101,voi_de,2026-05-21 15:38:27+02,POINT (8.441898 49.013958)
VOJ:Vehicle:502a5113-3262-4957-9d88-5c58c72f2721,voi_de,2026-05-21 15:38:27+02,POINT (8.435533 48.996756)
VOJ:Vehicle:51766ed7-b04c-4839-bda3-162deece5abb,voi_de,2026-05-21 15:38:27+02,POINT (8.416634 49.011425)
VOJ:Vehicle:528a0e8b-7570-40ad-bea3-521bffc5592f,voi_de,2026-05-21 15:38:27+02,POINT (8.342961 49.001484)
VOJ:Vehicle:532bb47f-e7ee-4c7a-84f6-9545e1256e15,voi_de,2026-05-21 15:38:27+02,POINT (8.43893 49.016899)
VOJ:Vehicle:55d29f8c-f1fd-4d6f-a2cc-7ff37143636d,voi_de,2026-05-21 15:38:27+02,POINT (8.441511 49.014096)
VOJ:Vehicle:55fe3915-b380-4e66-ad4c-7713a053ccca,voi_de,2026-05-21 15:38:27+02,POINT (8.448158 49.025614)
VOJ:Vehicle:5683598e-a0ae-47d5-aa5c-f5837c1a1758,voi_de,2026-05-21 15:38:27+02,POINT (8.463358 48.997618)
VOJ:Vehicle:56c3f2a8-11ed-47e5-a8c2-97b9061c5fb3,voi_de,2026-05-21 15:38:27+02,POINT (8.394382 49.005026)
VOJ:Vehicle:57438e48-1928-4b81-9a74-0b220adcb75d,voi_de,2026-05-21 15:38:27+02,POINT (8.336355 49.004674)
VOJ:Vehicle:577e28da-7ab2-4352-8c14-1ad015715d23,voi_de,2026-05-21 15:38:27+02,POINT (8.447501 49.003645)
VOJ:Vehicle:57feb087-172b-4490-b1d7-619f38fea0e2,voi_de,2026-05-21 15:38:27+02,POINT (8.35926 49.024863)
VOJ:Vehicle:5847da25-57b6-4b22-b67a-1cc9a5304f47,voi_de,2026-05-21 15:38:27+02,POINT (8.470856 48.997841)
VOJ:Vehicle:58954e96-e101-46ad-9030-be94e75b17b8,voi_de,2026-05-21 15:38:27+02,POINT (8.410452 49.000648)
VOJ:Vehicle:592d23d2-99be-4eb3-98ab-2dcae817b22f,voi_de,2026-05-21 15:38:27+02,POINT (8.426829 49.003887)
VOJ:Vehicle:59e160bc-1521-4162-a335-0f83339dbc6a,voi_de,2026-05-21 15:38:27+02,POINT (8.394594 49.001464)
VOJ:Vehicle:5a26db65-7193-46de-a4c2-5e30fceccc3e,voi_de,2026-05-21 15:38:27+02,POINT (8.433716 49.006178)
VOJ:Vehicle:5a683f84-3b84-447d-ade8-c7c4611fea9f,voi_de,2026-05-21 15:38:27+02,POINT (8.414619 49.003058)
VOJ:Vehicle:5ac2b09e-dd94-40d9-9c6c-2202502de169,voi_de,2026-05-21 15:38:27+02,POINT (8.415861 49.011524)
VOJ:Vehicle:5c86e0ee-3670-4e46-a755-166b6bc2f218,voi_de,2026-05-21 15:38:27+02,POINT (8.40119 48.990949)
VOJ:Vehicle:5cbaf3a4-898a-428b-8620-fc492d31fc12,voi_de,2026-05-21 15:38:27+02,POINT (8.389694 49.02052)
VOJ:Vehicle:5ce80b25-82a2-4981-b3a3-9e19f1586b21,voi_de,2026-05-21 15:38:27+02,POINT (8.416182 49.011405)
VOJ:Vehicle:5d2c713f-d6d9-494d-9e2a-4daac7b6297d,voi_de,2026-05-21 15:38:27+02,POINT (8.391426 49.013029)
VOJ:Vehicle:5d35dc1a-c5ca-40c1-9ea2-98861c3d4bc6,voi_de,2026-05-21 15:38:27+02,POINT (8.454165 49.023659)
VOJ:Vehicle:5e161cf6-c043-4728-b9db-de4bdc5320d0,voi_de,2026-05-21 15:38:27+02,POINT (8.397646 48.990903)
VOJ:Vehicle:5ee95fa5-9f7c-45cd-b8e2-10835bd3dcaf,voi_de,2026-05-21 15:38:27+02,POINT (8.414027 49.012038)
VOJ:Vehicle:5fa4e3c4-bcc9-42f8-bdf4-0219b5ce0320,voi_de,2026-05-21 15:38:27+02,POINT (8.436878 49.020254)
VOJ:Vehicle:5fae9951-9457-4ce2-b089-3f0f4ed44623,voi_de,2026-05-21 15:38:27+02,POINT (8.410714 49.010959)
VOJ:Vehicle:611691fb-6e96-49ef-a469-390012c8db14,voi_de,2026-05-21 15:38:27+02,POINT (8.390283 49.026034)
VOJ:Vehicle:62b04d87-ea81-4911-8fbf-457d77f00ad3,voi_de,2026-05-21 15:38:27+02,POINT (8.408506 49.011146)
VOJ:Vehicle:633a6420-21d1-458c-a9ff-cf84c34c3f0d,voi_de,2026-05-21 15:38:27+02,POINT (8.427083 49.012785)
VOJ:Vehicle:6388a7c8-645e-4d45-b148-11f307cfee48,voi_de,2026-05-21 15:38:27+02,POINT (8.360116 49.015528)
VOJ:Vehicle:64b4ecca-8912-44ef-86a7-a72b402ed5c0,voi_de,2026-05-21 15:38:27+02,POINT (8.364995 49.00209)
VOJ:Vehicle:651fd95a-c9ab-4890-937a-5af6f29075b7,voi_de,2026-05-21 15:38:27+02,POINT (8.373459 49.008812)
VOJ:Vehicle:6681efc0-a17f-4177-a5a6-81fed4109502,voi_de,2026-05-21 15:38:27+02,POINT (8.411241 48.994412)
VOJ:Vehicle:6854d2f7-e83f-4b7b-a67a-5f69669e34f0,voi_de,2026-05-21 15:38:27+02,POINT (8.392141 49.017867)
VOJ:Vehicle:687e7d57-cdc7-4235-9206-e2aefb3d4cf5,voi_de,2026-05-21 15:38:27+02,POINT (8.431296 49.02104)
VOJ:Vehicle:69b4b703-88e7-47b5-99b8-4d98047352c7,voi_de,2026-05-21 15:38:27+02,POINT (8.426758 49.00397)
VOJ:Vehicle:69e4c833-cba0-4138-8236-b91f8f2b1bea,voi_de,2026-05-21 15:38:27+02,POINT (8.342837 49.001558)
VOJ:Vehicle:6d3baeec-290e-4d9c-862c-d33654a2f6ce,voi_de,2026-05-21 15:38:27+02,POINT (8.417174 49.000671)
VOJ:Vehicle:6dc2ca6c-f6bb-49f2-a187-fb3d44b2c99c,voi_de,2026-05-21 15:38:27+02,POINT (8.371131 48.991258)
VOJ:Vehicle:70305578-7ccd-4468-a7f9-dc91febcc55d,voi_de,2026-05-21 15:38:27+02,POINT (8.411926 49.012982)
VOJ:Vehicle:7363880f-54ba-45ba-ace8-e33547f18859,voi_de,2026-05-21 15:38:27+02,POINT (8.413193 49.009241)
VOJ:Vehicle:74dd0c1d-f32b-4bc0-b854-ce20e0678150,voi_de,2026-05-21 15:38:27+02,POINT (8.473456 48.993172)
VOJ:Vehicle:7629f7a4-210d-424d-af99-e540c0e0a8d7,voi_de,2026-05-21 15:38:27+02,POINT (8.396294 49.002391)
VOJ:Vehicle:763abdf7-608c-4fcc-9673-a9b7b3f1756f,voi_de,2026-05-21 15:38:27+02,POINT (8.409644 49.01255)
VOJ:Vehicle:76b530d6-1970-492b-82ea-33466ac67e3e,voi_de,2026-05-21 15:38:27+02,POINT (8.415212 49.013875)
VOJ:Vehicle:76b6672e-f0c6-41d9-bb02-bae31f2d1c7e,voi_de,2026-05-21 15:38:27+02,POINT (8.413739 48.995075)
VOJ:Vehicle:77607cc0-f15f-4ffb-bbbe-8198568741d5,voi_de,2026-05-21 15:38:27+02,POINT (8.432397 49.003387)
VOJ:Vehicle:78354cd8-627d-4307-8b61-795bb7240173,voi_de,2026-05-21 15:38:27+02,POINT (8.388544 49.019091)
VOJ:Vehicle:7981c22b-c61c-4bc7-9664-cd0f1a7cdcdb,voi_de,2026-05-21 15:38:27+02,POINT (8.38561 49.009727)
VOJ:Vehicle:7a46a158-fcd2-4e48-a08a-1063b2808447,voi_de,2026-05-21 15:38:27+02,POINT (8.453461 48.988853)
VOJ:Vehicle:7b807f54-544a-4452-86ab-e3316453bb5b,voi_de,2026-05-21 15:38:27+02,POINT (8.414478 49.009776)
VOJ:Vehicle:7c2b3063-1d0f-4e87-8be8-124536d4eb00,voi_de,2026-05-21 15:38:27+02,POINT (8.400962 49.004123)
VOJ:Vehicle:7c43520d-70b9-4130-9414-7f0ea5e5126f,voi_de,2026-05-21 15:38:27+02,POINT (8.440942 49.007864)
VOJ:Vehicle:7ccf4a43-f87e-4e3f-9f90-61bb2cb809f2,voi_de,2026-05-21 15:38:27+02,POINT (8.366593 49.000362)
VOJ:Vehicle:7d163e14-2027-45ea-9da7-28fea46ea342,voi_de,2026-05-21 15:38:27+02,POINT (8.393222 48.993742)
VOJ:Vehicle:7d21dfcb-17d9-4e6c-a774-c7427238f7f5,voi_de,2026-05-21 15:38:27+02,POINT (8.396184 48.999576)
VOJ:Vehicle:7e038ee8-f408-4d8a-bb60-338e18c04525,voi_de,2026-05-21 15:38:27+02,POINT (8.416605 49.011636)
VOJ:Vehicle:7efda7c0-c40a-4f89-b5f8-d3ce9c129586,voi_de,2026-05-21 15:38:27+02,POINT (8.45338 49.001694)
VOJ:Vehicle:7fa1186c-e1f9-4d5a-8ce8-bd88571bb78d,voi_de,2026-05-21 15:38:27+02,POINT (8.416455 49.008752)
VOJ:Vehicle:7fa638e9-d25e-4e37-973e-edcaf8306df6,voi_de,2026-05-21 15:38:27+02,POINT (8.392028 49.010221)
VOJ:Vehicle:80a14704-5418-4768-97ac-ceaca12f57c1,voi_de,2026-05-21 15:38:27+02,POINT (8.350538 49.027664)
VOJ:Vehicle:82aae371-3917-446b-8525-be6e17ff7dad,voi_de,2026-05-21 15:38:27+02,POINT (8.414448 49.009205)
VOJ:Vehicle:8310e99e-8fbd-4860-8e6c-2dc52227dbe0,voi_de,2026-05-21 15:38:27+02,POINT (8.460066 48.991604)
VOJ:Vehicle:83713f78-fb48-4fa1-975a-432436eebbff,voi_de,2026-05-21 15:38:27+02,POINT (8.406911 49.008556)
VOJ:Vehicle:842817a5-52c4-4067-8e3e-13701854f0d8,voi_de,2026-05-21 15:38:27+02,POINT (8.406722 48.997267)
VOJ:Vehicle:89d60fe3-f23d-47bb-8c23-caa4c9f66c53,voi_de,2026-05-21 15:38:27+02,POINT (8.391902 49.042314)
VOJ:Vehicle:8a7a31a6-669a-4a23-9866-ce9940a917d7,voi_de,2026-05-21 15:38:27+02,POINT (8.354296 49.026634)
VOJ:Vehicle:8d424c2e-e698-4775-80c0-90b8fa562e59,voi_de,2026-05-21 15:38:27+02,POINT (8.391655 49.016204)
VOJ:Vehicle:90b68c61-065a-4e9d-bac9-70f2db7a8eb2,voi_de,2026-05-21 15:38:27+02,POINT (8.462287 49.001469)
VOJ:Vehicle:9236651c-c024-4183-8fea-2804e8617c81,voi_de,2026-05-21 15:38:27+02,POINT (8.389326 48.998766)
VOJ:Vehicle:92c9edab-814e-4b62-8801-4f1e630ba596,voi_de,2026-05-21 15:38:27+02,POINT (8.395898 49.006592)
VOJ:Vehicle:94e656b4-e1ef-47b6-a9ba-56152de08930,voi_de,2026-05-21 15:38:27+02,POINT (8.356224 49.012118)
VOJ:Vehicle:9728774d-dda8-4ecd-bd07-3432117626ca,voi_de,2026-05-21 15:38:27+02,POINT (8.454271 48.990519)
VOJ:Vehicle:97d0a313-687b-4d94-b692-0e670b091e77,voi_de,2026-05-21 15:38:27+02,POINT (8.420254 49.00194)
VOJ:Vehicle:97e903d1-cab6-4f81-8cf8-cc4817643b3e,voi_de,2026-05-21 15:38:27+02,POINT (8.416705 49.008815)
VOJ:Vehicle:9a004175-b7eb-43fd-8fb8-a29076656281,voi_de,2026-05-21 15:38:27+02,POINT (8.413119 49.00923)
VOJ:Vehicle:9bc18804-56db-4c6d-b9bb-e4ec13155ce3,voi_de,2026-05-21 15:38:27+02,POINT (8.415333 49.019997)
VOJ:Vehicle:9c41c86d-40e3-4e74-9cad-a669dc1d3325,voi_de,2026-05-21 15:38:27+02,POINT (8.464255 49.000523)
VOJ:Vehicle:9ccfdd6b-e427-4e82-8da1-11bb92928dc4,voi_de,2026-05-21 15:38:27+02,POINT (8.464388 48.997259)
VOJ:Vehicle:9dbe8279-72d5-4316-9cdb-67055ad980e9,voi_de,2026-05-21 15:38:27+02,POINT (8.470038 49.004267)
VOJ:Vehicle:9e175ab7-cede-49db-a190-0f244785fb79,voi_de,2026-05-21 15:38:27+02,POINT (8.408513 49.005546)
VOJ:Vehicle:9e98dba8-0a17-4faf-a4c5-95728b7ea228,voi_de,2026-05-21 15:38:27+02,POINT (8.414638 49.013814)
VOJ:Vehicle:9f916325-7c02-4df6-a65f-a4af00d4dd53,voi_de,2026-05-21 15:38:27+02,POINT (8.413812 48.99511)
VOJ:Vehicle:a00c4e00-1bd1-402b-915c-68ae91c0762b,voi_de,2026-05-21 15:38:27+02,POINT (8.475719 48.995988)
VOJ:Vehicle:a02bc28c-7691-446a-ad65-f608a9ecff7c,voi_de,2026-05-21 15:38:27+02,POINT (8.402054 48.994573)
VOJ:Vehicle:a07c1452-f8be-45fc-96df-6304068f8591,voi_de,2026-05-21 15:38:27+02,POINT (8.390069 49.01664)
VOJ:Vehicle:a1659825-cc4d-4e0e-b9b8-aad5518c873a,voi_de,2026-05-21 15:38:27+02,POINT (8.471002 48.999941)
VOJ:Vehicle:a17b985d-5485-4565-9ca0-5101d97c029c,voi_de,2026-05-21 15:38:27+02,POINT (8.431003 49.021119)
VOJ:Vehicle:a3a9df99-0af3-45e5-b3de-f05be1a388a0,voi_de,2026-05-21 15:38:27+02,POINT (8.375033 49.010777)
VOJ:Vehicle:a4ecb862-aa3e-4d43-a49e-c4c24692f242,voi_de,2026-05-21 15:38:27+02,POINT (8.357858 49.008103)
VOJ:Vehicle:a63b70a0-9940-4144-b763-fe76f15ce97f,voi_de,2026-05-21 15:38:27+02,POINT (8.459723 48.995683)
VOJ:Vehicle:a7085e10-7a8a-499c-8c28-f96c63bcd711,voi_de,2026-05-21 15:38:27+02,POINT (8.47519 48.995312)
VOJ:Vehicle:a8f2ddd4-9780-4dd9-bba3-0b12db72eb20,voi_de,2026-05-21 15:38:27+02,POINT (8.368776 49.000269)
VOJ:Vehicle:a93c597e-9415-4d34-a2e5-abc895e6da30,voi_de,2026-05-21 15:38:27+02,POINT (8.414722 49.01107)
VOJ:Vehicle:aaa552ff-fb1a-45e8-8de0-7ac9ca8066c5,voi_de,2026-05-21 15:38:27+02,POINT (8.39255 49.013069)
VOJ:Vehicle:ac0fd1c0-d778-4364-ad06-f1ece7296126,voi_de,2026-05-21 15:38:27+02,POINT (8.389609 49.023302)
VOJ:Vehicle:ad5e9919-0815-473d-97ec-ff6c7c998de1,voi_de,2026-05-21 15:38:27+02,POINT (8.476943 48.998006)
VOJ:Vehicle:adc116d2-9a54-4729-a1ca-e32e0b87def8,voi_de,2026-05-21 15:38:27+02,POINT (8.382924 49.00217)
VOJ:Vehicle:adc51ec2-07d3-4c44-85a4-904b0324c716,voi_de,2026-05-21 15:38:27+02,POINT (8.406184 48.998795)
VOJ:Vehicle:afa48a74-7a27-4846-89c0-2c1a7cd2ada1,voi_de,2026-05-21 15:38:27+02,POINT (8.387743 49.010152)
VOJ:Vehicle:afa90bc0-86be-4b76-8772-888fcc151d57,voi_de,2026-05-21 15:38:27+02,POINT (8.408141 49.006959)
VOJ:Vehicle:b1ed7735-f05a-4445-8e1c-a934a77f3e2e,voi_de,2026-05-21 15:38:27+02,POINT (8.404089 49.002111)
VOJ:Vehicle:b27236bc-7efd-4449-8d95-3d65effac31f,voi_de,2026-05-21 15:38:27+02,POINT (8.409979 49.008688)
VOJ:Vehicle:b329d74a-a911-4076-b908-88c8a9c7ab9c,voi_de,2026-05-21 15:38:27+02,POINT (8.38962 49.02226)
VOJ:Vehicle:b5bde966-2297-4de3-824c-319e55a3f6c2,voi_de,2026-05-21 15:38:27+02,POINT (8.395572 49.001782)
VOJ:Vehicle:b66cfb50-8ba8-453b-94fb-76ece56b46e2,voi_de,2026-05-21 15:38:27+02,POINT (8.351475 49.001089)
VOJ:Vehicle:b6706ef1-0417-41a4-8891-1af476960111,voi_de,2026-05-21 15:38:27+02,POINT (8.403754 48.996518)
VOJ:Vehicle:b8eed9ee-7673-4df6-b317-2f9372637f39,voi_de,2026-05-21 15:38:27+02,POINT (8.42561 49.00526)
VOJ:Vehicle:b8fc91d6-1100-409c-9489-799d63ce73fe,voi_de,2026-05-21 15:38:27+02,POINT (8.416405 49.009563)
VOJ:Vehicle:b92a57f8-1fa1-4432-9069-eedc20eae7e1,voi_de,2026-05-21 15:38:27+02,POINT (8.359063 49.006846)
VOJ:Vehicle:bd9b0255-8346-46f4-baf3-54c98b4ccdee,voi_de,2026-05-21 15:38:27+02,POINT (8.461477 48.998604)
VOJ:Vehicle:be344a90-0dee-4806-ab55-2b60da56517a,voi_de,2026-05-21 15:38:27+02,POINT (8.403626 49.004737)
VOJ:Vehicle:bef27de1-3fdd-4574-9727-02dbbd2f154d,voi_de,2026-05-21 15:38:27+02,POINT (8.40978 49.012494)
VOJ:Vehicle:bfd75af0-25de-4b8e-b72b-35d97af2534b,voi_de,2026-05-21 15:38:27+02,POINT (8.412789 49.011577)
VOJ:Vehicle:c1d93773-64c9-4a55-9dba-1d043ac6e422,voi_de,2026-05-21 15:38:27+02,POINT (8.44569 49.003377)
VOJ:Vehicle:c278f9c9-3eef-4015-9db0-a4ec98b81f67,voi_de,2026-05-21 15:38:27+02,POINT (8.386824 49.021683)
VOJ:Vehicle:c3a478c5-8723-4ba7-84ac-c7758f759f57,voi_de,2026-05-21 15:38:27+02,POINT (8.372228 48.98937)
VOJ:Vehicle:c4dcb95e-a62a-4569-8988-b6defc30798f,voi_de,2026-05-21 15:38:27+02,POINT (8.34109 49.000255)
VOJ:Vehicle:c671150a-204e-456b-a6ef-3431ea18bc33,voi_de,2026-05-21 15:38:27+02,POINT (8.464978 48.999854)
VOJ:Vehicle:c6760647-0194-4acd-b5ac-32b511d5a39f,voi_de,2026-05-21 15:38:27+02,POINT (8.462515 48.996881)
VOJ:Vehicle:c7194082-f746-4dbd-909b-f5ff529ecd1a,voi_de,2026-05-21 15:38:27+02,POINT (8.399955 48.994935)
VOJ:Vehicle:c7ef6296-1724-4f3a-b5a0-77e39b5fa102,voi_de,2026-05-21 15:38:27+02,POINT (8.468238 48.996867)
VOJ:Vehicle:c865ffa0-0a99-4211-bd14-fdd56a4cf92a,voi_de,2026-05-21 15:38:27+02,POINT (8.414965 49.007752)
VOJ:Vehicle:c88b5472-00e5-4ad0-aad2-5c9e7d1a9ab6,voi_de,2026-05-21 15:38:27+02,POINT (8.37542 49.01683)
VOJ:Vehicle:cc0bc80e-6cb6-443d-baa4-a8ec1726ebf3,voi_de,2026-05-21 15:38:27+02,POINT (8.411461 48.998991)
VOJ:Vehicle:ce2d1e1f-d29c-4ecc-bb99-0d59d2d6f824,voi_de,2026-05-21 15:38:27+02,POINT (8.416721 49.018544)
VOJ:Vehicle:ced567b6-c6a1-4a52-acca-236558401876,voi_de,2026-05-21 15:38:27+02,POINT (8.454116 49.023743)
VOJ:Vehicle:d101b091-c626-4c6b-b5b0-cf0f918254bc,voi_de,2026-05-21 15:38:27+02,POINT (8.370581 49.030379)
VOJ:Vehicle:d2473465-058a-4c51-897d-27dfda0251b3,voi_de,2026-05-21 15:38:27+02,POINT (8.468824 49.000234)
VOJ:Vehicle:d4d4a56d-e55a-40f9-869a-769d992f2953,voi_de,2026-05-21 15:38:27+02,POINT (8.464507 48.997432)
VOJ:Vehicle:d51c38f0-48df-4f1a-9b7c-fd65858681e0,voi_de,2026-05-21 15:38:27+02,POINT (8.357396 49.024191)
VOJ:Vehicle:d7017c19-04d0-4c10-a354-a226ea9734f3,voi_de,2026-05-21 15:38:27+02,POINT (8.448481 48.996989)
VOJ:Vehicle:d769a02f-e2b1-4b77-8faa-ee574b321509,voi_de,2026-05-21 15:38:27+02,POINT (8.424713 49.00541)
VOJ:Vehicle:d7ebbc05-fa05-48a3-a044-b046ee8c0116,voi_de,2026-05-21 15:38:27+02,POINT (8.436772 48.99688)
VOJ:Vehicle:d82eb1bc-43f2-4418-a353-6cf4375bd4b7,voi_de,2026-05-21 15:38:27+02,POINT (8.423577 49.00105)
VOJ:Vehicle:da2026cc-cb4e-4676-ba76-bd3e109c73b5,voi_de,2026-05-21 15:38:27+02,POINT (8.389477 49.012662)
VOJ:Vehicle:da32c45a-10ec-439a-b66f-7312d2d910ec,voi_de,2026-05-21 15:38:27+02,POINT (8.391456 49.01282)
VOJ:Vehicle:db2ec80d-b474-4bdc-9c21-4044a594eb93,voi_de,2026-05-21 15:38:27+02,POINT (8.451963 48.987502)
VOJ:Vehicle:db5e32c5-f068-4227-8175-33f298832e1c,voi_de,2026-05-21 15:38:27+02,POINT (8.395622 49.007627)
VOJ:Vehicle:dc4ec432-fb39-497e-92b3-65abb4b6d67a,voi_de,2026-05-21 15:38:27+02,POINT (8.389785 49.016481)
VOJ:Vehicle:dc8bdf6f-119a-4d8b-b2d9-9ce7f638dbfc,voi_de,2026-05-21 15:38:27+02,POINT (8.441621 49.014012)
VOJ:Vehicle:dd438aca-6c4f-429a-b4c5-be712280d9c8,voi_de,2026-05-21 15:38:27+02,POINT (8.447717 48.994804)
VOJ:Vehicle:ddc323ac-dd15-4799-899f-7588054481f5,voi_de,2026-05-21 15:38:27+02,POINT (8.38963 49.018684)
VOJ:Vehicle:dddd75ad-0416-49b7-809f-0208e3e0562a,voi_de,2026-05-21 15:38:27+02,POINT (8.384046 49.004269)
VOJ:Vehicle:dde85fa4-bda7-4bc3-9e99-e5560e896fc1,voi_de,2026-05-21 15:38:27+02,POINT (8.394363 49.000645)
VOJ:Vehicle:de9f34cd-ec78-4daf-9933-1aeb7821d9af,voi_de,2026-05-21 15:38:27+02,POINT (8.401123 48.970762)
VOJ:Vehicle:dedeb37c-2bb3-4819-883c-5a7ee1b1c6f3,voi_de,2026-05-21 15:38:27+02,POINT (8.447628 49.025152)
VOJ:Vehicle:df3d6ad0-1ba0-40d2-94b9-96f13a261445,voi_de,2026-05-21 15:38:27+02,POINT (8.429184 49.01336)
VOJ:Vehicle:e1127f39-11bb-4dee-be16-b71eaa9e7428,voi_de,2026-05-21 15:38:27+02,POINT (8.402197 49.007249)
VOJ:Vehicle:e1bc777d-1c82-425d-9012-0bdcf80da458,voi_de,2026-05-21 15:38:27+02,POINT (8.403781 49.004706)
VOJ:Vehicle:e2ee1a11-8e98-4719-8650-329f0090a718,voi_de,2026-05-21 15:38:27+02,POINT (8.391696 49.009863)
VOJ:Vehicle:e564f8a5-7eed-4eab-a91c-5e1a42364748,voi_de,2026-05-21 15:38:27+02,POINT (8.348895 49.022389)
VOJ:Vehicle:e5a49816-8b4c-43e1-84f3-f7050d319b17,voi_de,2026-05-21 15:38:27+02,POINT (8.41511 49.00901)
VOJ:Vehicle:e5cce3c7-bcba-45ef-b7d6-3c99ee7e56c8,voi_de,2026-05-21 15:38:27+02,POINT (8.373907 48.993865)
VOJ:Vehicle:e75a5a96-96d5-4eae-a6db-6115f589a8df,voi_de,2026-05-21 15:38:27+02,POINT (8.383072 49.002367)
VOJ:Vehicle:e79df749-a1e6-42f1-b4c2-d7f2c275d4d9,voi_de,2026-05-21 15:38:27+02,POINT (8.416444 49.008769)
VOJ:Vehicle:e79f4f8f-0125-47ea-8f46-b2b1d34ce933,voi_de,2026-05-21 15:38:27+02,POINT (8.413332 49.021464)
VOJ:Vehicle:e7f291a7-cf3f-4b5b-91dc-251208512871,voi_de,2026-05-21 15:38:27+02,POINT (8.407486 49.00461)
VOJ:Vehicle:e82e4546-d6ed-46dd-8f42-23433d9ffe95,voi_de,2026-05-21 15:38:27+02,POINT (8.415825 49.016458)
VOJ:Vehicle:e8b44d62-ea80-4ef1-8e7c-8829d281f324,voi_de,2026-05-21 15:38:27+02,POINT (8.414476 49.013658)
VOJ:Vehicle:e914e114-7200-4e1e-a0b4-6b49817a601b,voi_de,2026-05-21 15:38:27+02,POINT (8.393957 49.000806)
VOJ:Vehicle:e997f9dd-189d-49be-a7ff-a2ed9958b0d7,voi_de,2026-05-21 15:38:27+02,POINT (8.40811 49.006955)
VOJ:Vehicle:e9a449a5-9dd3-4c09-b877-d1e8d862b946,voi_de,2026-05-21 15:38:27+02,POINT (8.445486 48.996586)
VOJ:Vehicle:e9d7df0f-86f0-49be-8806-fa71ad93a45f,voi_de,2026-05-21 15:38:27+02,POINT (8.383411 49.000159)
VOJ:Vehicle:eb9428b1-d039-4df1-b2c1-c0e15eee78d9,voi_de,2026-05-21 15:38:27+02,POINT (8.371635 48.990707)
VOJ:Vehicle:ecfc27e0-3f69-49a0-938c-1244d6203bee,voi_de,2026-05-21 15:38:27+02,POINT (8.401776 48.991812)
VOJ:Vehicle:ed366e81-e9e4-4d21-b73e-fb6610be89d5,voi_de,2026-05-21 15:38:27+02,POINT (8.40376 49.005045)
VOJ:Vehicle:edf38dc0-7273-4c66-871c-67ecba971522,voi_de,2026-05-21 15:38:27+02,POINT (8.432604 48.996742)
VOJ:Vehicle:ee12d408-5ed4-4427-8226-4cb67941d64d,voi_de,2026-05-21 15:38:27+02,POINT (8.470348 48.998911)
VOJ:Vehicle:ee8bd4ba-c6d9-4b4b-b3ef-eff018312b59,voi_de,2026-05-21 15:38:27+02,POINT (8.415519 49.001216)
VOJ:Vehicle:eefe40f1-fde3-4fa1-8c7a-ee4c6e15139f,voi_de,2026-05-21 15:38:27+02,POINT (8.46834 48.999182)
VOJ:Vehicle:ef558c38-dce1-49ae-a8db-ae7b1e60835c,voi_de,2026-05-21 15:38:27+02,POINT (8.35337 49.031805)
VOJ:Vehicle:efc90df1-723f-436a-b210-1244b63a3e01,voi_de,2026-05-21 15:38:27+02,POINT (8.39593 48.993976)
VOJ:Vehicle:f5273795-1676-45b3-bcc9-15f08b0d11a9,voi_de,2026-05-21 15:38:27+02,POINT (8.365675 48.986828)
VOJ:Vehicle:f5739cf7-cf18-4514-b6f2-d98a2618132e,voi_de,2026-05-21 15:38:27+02,POINT (8.366621 49.017452)
VOJ:Vehicle:f600bd1d-ddd6-427e-afe5-b681d4650916,voi_de,2026-05-21 15:38:27+02,POINT (8.437954 49.024212)
VOJ:Vehicle:f65f43d8-1929-4872-b993-a2887b94f602,voi_de,2026-05-21 15:38:27+02,POINT (8.390405 49.01847)
VOJ:Vehicle:f8d927bc-3d0a-42cc-bedb-1e0f3da2969a,voi_de,2026-05-21 15:38:27+02,POINT (8.439632 49.011716)
VOJ:Vehicle:f97cfb3b-480c-47bf-9b94-93e6cca21b34,voi_de,2026-05-21 15:38:27+02,POINT (8.414185 48.994682)
VOJ:Vehicle:fb636e7d-8953-44ec-8b1d-324ec2210c94,voi_de,2026-05-21 15:38:27+02,POINT (8.388252 49.018959)
VOJ:Vehicle:fcb4cc93-beb0-478c-96b2-9205be75ff57,voi_de,2026-05-21 15:38:27+02,POINT (8.454528 48.996538)
VOJ:Vehicle:ffcad4a4-21e7-467d-baad-01645d5ef584,voi_de,2026-05-21 15:38:27+02,POINT (8.468569 48.998514)
